{"folderMap":{"/":{"_id":"folder:/","createdAt":"2021-04-25T16:03:36.598Z","data":{},"updatedAt":"2021-04-25T16:03:36.598Z"},"/Use":{"_id":"folder:/Use","createdAt":"2021-04-25T18:17:39.207Z","data":{},"updatedAt":"2021-04-25T18:17:39.207Z"},"/Html&Css":{"_id":"folder:/Html&Css","createdAt":"2021-04-27T17:25:39.646Z","data":{},"updatedAt":"2021-04-27T17:25:39.646Z"},"/Html&Css/Tric":{"_id":"folder:/Html&Css/Tric","createdAt":"2021-04-27T17:26:06.219Z","data":{},"updatedAt":"2021-04-27T17:26:06.219Z"},"/Linux":{"_id":"folder:/Linux","createdAt":"2021-04-27T17:37:29.442Z","data":{},"updatedAt":"2021-04-27T17:37:29.442Z"},"/Linux/Apps":{"_id":"folder:/Linux/Apps","createdAt":"2021-04-27T17:37:36.169Z","data":{},"updatedAt":"2021-04-27T17:37:36.169Z"},"/Django":{"_id":"folder:/Django","createdAt":"2021-04-30T06:52:24.184Z","data":{},"updatedAt":"2021-04-30T06:52:24.184Z"},"/Django/Forms":{"_id":"folder:/Django/Forms","createdAt":"2021-04-30T06:52:38.651Z","data":{},"updatedAt":"2021-04-30T06:52:38.651Z"},"/Linux/Terminal":{"_id":"folder:/Linux/Terminal","createdAt":"2021-04-30T07:20:04.943Z","data":{},"updatedAt":"2021-04-30T07:20:04.943Z"},"/Linux/Terminal/SSH":{"_id":"folder:/Linux/Terminal/SSH","createdAt":"2021-04-30T07:20:13.459Z","data":{},"updatedAt":"2021-04-30T07:20:13.459Z"},"/Linux/FileManger":{"_id":"folder:/Linux/FileManger","createdAt":"2021-04-30T17:56:45.891Z","updatedAt":"2021-04-30T17:56:45.891Z","data":{}},"/NodeJs":{"_id":"folder:/NodeJs","createdAt":"2021-05-02T05:41:26.866Z","updatedAt":"2021-05-02T05:41:26.866Z","data":{}},"/NodeJs/Install":{"_id":"folder:/NodeJs/Install","createdAt":"2021-05-02T05:41:26.869Z","updatedAt":"2021-05-02T05:41:26.869Z","data":{}}},"tagMap":{"Use":{"_id":"tag:Use","createdAt":"2021-04-25T18:29:57.124Z","data":{},"updatedAt":"2021-04-25T18:29:57.124Z"},"Display":{"_id":"tag:Display","createdAt":"2021-04-27T17:26:55.216Z","data":{},"updatedAt":"2021-04-27T17:26:55.216Z"},"Html":{"_id":"tag:Html","createdAt":"2021-04-27T17:26:56.633Z","data":{},"updatedAt":"2021-04-27T17:26:56.633Z"},"Code":{"_id":"tag:Code","createdAt":"2021-04-27T17:26:58.311Z","data":{},"updatedAt":"2021-04-27T17:26:58.311Z"},"Show":{"_id":"tag:Show","createdAt":"2021-04-27T17:27:08.015Z","data":{},"updatedAt":"2021-04-27T17:27:08.015Z"},"Linux":{"_id":"tag:Linux","createdAt":"2021-04-27T17:38:04.291Z","data":{},"updatedAt":"2021-04-27T17:38:04.291Z"},"Launchers":{"_id":"tag:Launchers","createdAt":"2021-04-27T17:38:06.950Z","data":{},"updatedAt":"2021-04-27T17:38:06.950Z"},"Icon":{"_id":"tag:Icon","createdAt":"2021-04-27T17:38:09.794Z","data":{},"updatedAt":"2021-04-27T17:38:09.794Z"},"Desktop":{"_id":"tag:Desktop","createdAt":"2021-04-27T17:38:12.770Z","data":{},"updatedAt":"2021-04-27T17:38:12.770Z"},"Apps":{"_id":"tag:Apps","createdAt":"2021-04-27T17:38:15.037Z","data":{},"updatedAt":"2021-04-27T17:38:15.037Z"},"Django":{"_id":"tag:Django","createdAt":"2021-04-30T07:12:29.474Z","data":{},"updatedAt":"2021-04-30T07:12:29.474Z"},"Forms":{"_id":"tag:Forms","createdAt":"2021-04-30T07:12:31.127Z","data":{},"updatedAt":"2021-04-30T07:12:31.127Z"},"Color":{"_id":"tag:Color","createdAt":"2021-04-30T07:12:39.027Z","data":{},"updatedAt":"2021-04-30T07:12:39.027Z"},"Input":{"_id":"tag:Input","createdAt":"2021-04-30T07:12:42.092Z","data":{},"updatedAt":"2021-04-30T07:12:42.092Z"},"SSH":{"_id":"tag:SSH","createdAt":"2021-04-30T07:24:46.107Z","data":{},"updatedAt":"2021-04-30T07:24:46.107Z"},"Error":{"_id":"tag:Error","createdAt":"2021-04-30T07:24:47.523Z","data":{},"updatedAt":"2021-04-30T07:24:47.523Z"},"Permission":{"_id":"tag:Permission","createdAt":"2021-04-30T07:25:04.479Z","data":{},"updatedAt":"2021-04-30T07:25:04.479Z"},"Denied":{"_id":"tag:Denied","createdAt":"2021-04-30T07:25:17.846Z","data":{},"updatedAt":"2021-04-30T07:25:17.846Z"},"Sftp":{"_id":"tag:sftp","createdAt":"2021-04-30T17:55:23.685Z","data":{},"updatedAt":"2021-04-30T17:55:23.685Z"},"Install":{"_id":"tag:Install","createdAt":"2021-05-02T05:37:50.875Z","data":{},"updatedAt":"2021-05-02T05:37:50.875Z"},"NodeJS":{"_id":"tag:NodeJS","createdAt":"2021-05-02T05:41:37.339Z","data":{},"updatedAt":"2021-05-02T05:41:37.339Z"},"Export":{"_id":"tag:Export","createdAt":"2021-05-02T05:42:01.276Z","data":{},"updatedAt":"2021-05-02T05:42:01.276Z"}}}