{"folderMap":{"/":{"_id":"folder:/","createdAt":"2021-04-25T16:03:36.598Z","data":{},"updatedAt":"2021-04-25T16:03:36.598Z"},"/Use":{"_id":"folder:/Use","createdAt":"2021-04-25T18:17:39.207Z","data":{},"updatedAt":"2021-04-25T18:17:39.207Z"},"/Html&Css":{"_id":"folder:/Html&Css","createdAt":"2021-04-27T17:25:39.646Z","data":{},"updatedAt":"2021-04-27T17:25:39.646Z"},"/Html&Css/Tric":{"_id":"folder:/Html&Css/Tric","createdAt":"2021-04-27T17:26:06.219Z","data":{},"updatedAt":"2021-04-27T17:26:06.219Z"},"/Linux":{"_id":"folder:/Linux","createdAt":"2021-04-27T17:37:29.442Z","data":{},"updatedAt":"2021-04-27T17:37:29.442Z"},"/Linux/Apps":{"_id":"folder:/Linux/Apps","createdAt":"2021-04-27T17:37:36.169Z","data":{},"updatedAt":"2021-04-27T17:37:36.169Z"},"/Django":{"_id":"folder:/Django","createdAt":"2021-04-30T06:52:24.184Z","data":{},"updatedAt":"2021-04-30T06:52:24.184Z"},"/Django/Forms":{"_id":"folder:/Django/Forms","createdAt":"2021-04-30T06:52:38.651Z","data":{},"updatedAt":"2021-04-30T06:52:38.651Z"},"/Linux/Terminal":{"_id":"folder:/Linux/Terminal","createdAt":"2021-04-30T07:20:04.943Z","data":{},"updatedAt":"2021-04-30T07:20:04.943Z"},"/Linux/Terminal/SSH":{"_id":"folder:/Linux/Terminal/SSH","createdAt":"2021-04-30T07:20:13.459Z","data":{},"updatedAt":"2021-04-30T07:20:13.459Z"},"/Linux/FileManger":{"_id":"folder:/Linux/FileManger","createdAt":"2021-04-30T17:56:45.891Z","updatedAt":"2021-04-30T17:56:45.891Z","data":{}},"/NodeJs":{"_id":"folder:/NodeJs","createdAt":"2021-05-02T05:41:26.866Z","updatedAt":"2021-05-02T05:41:26.866Z","data":{}},"/NodeJs/Install":{"_id":"folder:/NodeJs/Install","createdAt":"2021-05-02T05:41:26.869Z","updatedAt":"2021-05-02T05:41:26.869Z","data":{}},"/Linux/Server":{"_id":"folder:/Linux/Server","createdAt":"2021-05-10T12:20:11.188Z","data":{},"updatedAt":"2021-05-10T12:20:11.188Z"},"/Linux/Server/LiteSpeed":{"_id":"folder:/Linux/Server/LiteSpeed","createdAt":"2021-05-10T12:20:30.728Z","data":{},"updatedAt":"2021-05-10T12:20:30.728Z"},"/Python":{"_id":"folder:/Python","createdAt":"2021-05-17T16:26:55.128Z","data":{},"updatedAt":"2021-05-17T16:26:55.128Z"},"/Django/Database":{"_id":"folder:/Django/Database","createdAt":"2021-05-23T13:00:15.195Z","data":{},"updatedAt":"2021-05-23T13:00:15.195Z"},"/Linux/Terminal/Git":{"_id":"folder:/Linux/Terminal/Git","createdAt":"2021-05-23T13:36:44.351Z","data":{},"updatedAt":"2021-05-23T13:36:44.351Z"},"/Django/Views":{"_id":"folder:/Django/Views","createdAt":"2021-05-24T10:15:32.731Z","data":{},"updatedAt":"2021-05-24T10:15:32.731Z"},"/Django/Urls":{"_id":"folder:/Django/Urls","createdAt":"2021-05-24T10:17:16.329Z","data":{},"updatedAt":"2021-05-24T10:17:16.329Z"},"/Django/Settings":{"_id":"folder:/Django/Settings","createdAt":"2021-05-24T10:20:38.524Z","data":{},"updatedAt":"2021-05-24T10:20:38.524Z"},"/Django/Ready":{"_id":"folder:/Django/Ready","createdAt":"2021-05-25T05:10:06.658Z","data":{},"updatedAt":"2021-05-25T05:10:06.658Z"},"/Django/Teach":{"_id":"folder:/Django/Teach","createdAt":"2021-05-26T14:03:27.544Z","data":{},"updatedAt":"2021-05-26T14:03:27.544Z"},"/Django/Teach/Shop-Faranesh":{"_id":"folder:/Django/Teach/Shop-Faranesh","createdAt":"2021-05-26T14:03:57.863Z","data":{},"updatedAt":"2021-05-26T14:03:57.863Z"},"/Linux/Terminal/FFmpeg":{"_id":"folder:/Linux/Terminal/FFmpeg","createdAt":"2021-05-29T14:17:05.474Z","data":{},"updatedAt":"2021-05-29T14:17:05.474Z"},"/Graphic Designer":{"_id":"folder:/Graphic Designer","createdAt":"2021-06-03T19:23:11.048Z","data":{},"updatedAt":"2021-06-03T19:23:11.048Z"},"/Graphic Designer/Blender":{"_id":"folder:/Graphic Designer/Blender","createdAt":"2021-06-03T19:23:17.376Z","data":{},"updatedAt":"2021-06-03T19:23:17.376Z"},"/Python/Install - Update":{"_id":"folder:/Python/Install - Update","createdAt":"2021-06-10T05:00:11.950Z","updatedAt":"2021-06-10T05:00:11.950Z","data":{}},"/Django/Teach/Translation 1":{"_id":"folder:/Django/Teach/Translation 1","createdAt":"2021-06-10T05:55:34.218Z","updatedAt":"2021-06-10T05:55:34.218Z","data":{}},"/Django/Teach/Upload 1":{"_id":"folder:/Django/Teach/Upload 1","createdAt":"2021-06-13T10:08:46.364Z","data":{},"updatedAt":"2021-06-13T10:08:46.364Z"},"/Django/Errors":{"_id":"folder:/Django/Errors","createdAt":"2021-06-20T11:16:10.462Z","data":{},"updatedAt":"2021-06-20T11:16:10.462Z"}},"tagMap":{"Use":{"_id":"tag:Use","createdAt":"2021-04-25T18:29:57.124Z","data":{},"updatedAt":"2021-04-25T18:29:57.124Z"},"Display":{"_id":"tag:Display","createdAt":"2021-04-27T17:26:55.216Z","data":{},"updatedAt":"2021-04-27T17:26:55.216Z"},"Html":{"_id":"tag:Html","createdAt":"2021-04-27T17:26:56.633Z","data":{},"updatedAt":"2021-04-27T17:26:56.633Z"},"Code":{"_id":"tag:Code","createdAt":"2021-04-27T17:26:58.311Z","data":{},"updatedAt":"2021-04-27T17:26:58.311Z"},"Show":{"_id":"tag:Show","createdAt":"2021-04-27T17:27:08.015Z","data":{},"updatedAt":"2021-04-27T17:27:08.015Z"},"Linux":{"_id":"tag:Linux","createdAt":"2021-04-27T17:38:04.291Z","data":{},"updatedAt":"2021-04-27T17:38:04.291Z"},"Launchers":{"_id":"tag:Launchers","createdAt":"2021-04-27T17:38:06.950Z","data":{},"updatedAt":"2021-04-27T17:38:06.950Z"},"Icon":{"_id":"tag:Icon","createdAt":"2021-04-27T17:38:09.794Z","data":{},"updatedAt":"2021-04-27T17:38:09.794Z"},"Desktop":{"_id":"tag:Desktop","createdAt":"2021-04-27T17:38:12.770Z","data":{},"updatedAt":"2021-04-27T17:38:12.770Z"},"Apps":{"_id":"tag:Apps","createdAt":"2021-04-27T17:38:15.037Z","data":{},"updatedAt":"2021-04-27T17:38:15.037Z"},"Django":{"_id":"tag:Django","createdAt":"2021-04-30T07:12:29.474Z","data":{},"updatedAt":"2021-04-30T07:12:29.474Z"},"Forms":{"_id":"tag:Forms","createdAt":"2021-04-30T07:12:31.127Z","data":{},"updatedAt":"2021-04-30T07:12:31.127Z"},"Color":{"_id":"tag:Color","createdAt":"2021-04-30T07:12:39.027Z","data":{},"updatedAt":"2021-04-30T07:12:39.027Z"},"Input":{"_id":"tag:Input","createdAt":"2021-04-30T07:12:42.092Z","data":{},"updatedAt":"2021-04-30T07:12:42.092Z"},"SSH":{"_id":"tag:SSH","createdAt":"2021-04-30T07:24:46.107Z","data":{},"updatedAt":"2021-04-30T07:24:46.107Z"},"Error":{"_id":"tag:Error","createdAt":"2021-04-30T07:24:47.523Z","data":{},"updatedAt":"2021-04-30T07:24:47.523Z"},"Permission":{"_id":"tag:Permission","createdAt":"2021-04-30T07:25:04.479Z","data":{},"updatedAt":"2021-04-30T07:25:04.479Z"},"Denied":{"_id":"tag:Denied","createdAt":"2021-04-30T07:25:17.846Z","data":{},"updatedAt":"2021-04-30T07:25:17.846Z"},"Sftp":{"_id":"tag:sftp","createdAt":"2021-04-30T17:55:23.685Z","data":{},"updatedAt":"2021-04-30T17:55:23.685Z"},"Install":{"_id":"tag:Install","createdAt":"2021-05-02T05:37:50.875Z","data":{},"updatedAt":"2021-05-02T05:37:50.875Z"},"NodeJS":{"_id":"tag:NodeJS","createdAt":"2021-05-02T05:41:37.339Z","data":{},"updatedAt":"2021-05-02T05:41:37.339Z"},"Export":{"_id":"tag:Export","createdAt":"2021-05-02T05:42:01.276Z","data":{},"updatedAt":"2021-05-02T05:42:01.276Z"},"Litespeed":{"_id":"tag:Litespeed","createdAt":"2021-05-10T12:32:19.267Z","data":{},"updatedAt":"2021-05-10T12:32:19.267Z"},"Password":{"_id":"tag:Password","createdAt":"2021-05-10T12:32:21.777Z","data":{},"updatedAt":"2021-05-10T12:32:21.777Z"},"Change":{"_id":"tag:Change","createdAt":"2021-05-10T12:32:24.192Z","data":{},"updatedAt":"2021-05-10T12:32:24.192Z"},"Multi":{"_id":"tag:Multi","createdAt":"2021-05-11T04:30:25.530Z","data":{},"updatedAt":"2021-05-11T04:30:25.530Z"},"Website":{"_id":"tag:Website","createdAt":"2021-05-11T04:30:29.387Z","data":{},"updatedAt":"2021-05-11T04:30:29.387Z"},"Teach":{"_id":"tag:Teach","createdAt":"2021-05-11T04:30:37.536Z","data":{},"updatedAt":"2021-05-11T04:30:37.536Z"},"Python":{"_id":"tag:Python","createdAt":"2021-05-17T18:03:24.794Z","data":{},"updatedAt":"2021-05-17T18:03:24.794Z"},"PIP":{"_id":"tag:PIP","createdAt":"2021-05-17T18:03:30.352Z","data":{},"updatedAt":"2021-05-17T18:03:30.352Z"},"Venv":{"_id":"tag:Venv","createdAt":"2021-05-17T18:03:32.382Z","data":{},"updatedAt":"2021-05-17T18:03:32.382Z"},"ModelForm":{"_id":"tag:ModelForm","createdAt":"2021-05-23T12:58:06.853Z","data":{},"updatedAt":"2021-05-23T12:58:06.853Z"},"Database":{"_id":"tag:Database","createdAt":"2021-05-23T13:01:15.049Z","data":{"color":"#ffffff"},"updatedAt":"2021-05-26T09:23:23.608Z"},"Backup":{"_id":"tag:Backup","createdAt":"2021-05-23T13:01:18.577Z","data":{},"updatedAt":"2021-05-23T13:01:18.577Z"},"Restore":{"_id":"tag:Restore","createdAt":"2021-05-23T13:01:21.836Z","data":{},"updatedAt":"2021-05-23T13:01:21.836Z"},"Git":{"_id":"tag:Git","createdAt":"2021-05-23T13:37:33.006Z","data":{},"updatedAt":"2021-05-23T13:37:33.006Z"},"Merge":{"_id":"tag:Merge","createdAt":"2021-05-23T13:37:37.702Z","data":{},"updatedAt":"2021-05-23T13:37:37.702Z"},"Scp":{"_id":"tag:Scp","createdAt":"2021-05-24T10:11:11.998Z","data":{},"updatedAt":"2021-05-24T10:11:11.998Z"},"FileManger":{"_id":"tag:FileManger","createdAt":"2021-05-24T10:11:31.924Z","data":{},"updatedAt":"2021-05-24T10:11:31.924Z"},"Views":{"_id":"tag:Views","createdAt":"2021-05-24T10:15:58.805Z","data":{},"updatedAt":"2021-05-24T10:15:58.805Z"},"error404":{"_id":"tag:error404","createdAt":"2021-05-24T10:16:02.024Z","data":{},"updatedAt":"2021-05-24T10:16:02.024Z"},"error400":{"_id":"tag:error400","createdAt":"2021-05-24T10:16:05.856Z","data":{},"updatedAt":"2021-05-24T10:16:05.856Z"},"error403":{"_id":"tag:error403","createdAt":"2021-05-24T10:16:09.164Z","data":{},"updatedAt":"2021-05-24T10:16:09.164Z"},"error500":{"_id":"tag:error500","createdAt":"2021-05-24T10:16:12.119Z","data":{},"updatedAt":"2021-05-24T10:16:12.119Z"},"Urls":{"_id":"tag:Urls","createdAt":"2021-05-24T10:18:31.570Z","data":{},"updatedAt":"2021-05-24T10:18:31.570Z"},"Lambda":{"_id":"tag:Lambda","createdAt":"2021-05-24T10:18:34.849Z","data":{},"updatedAt":"2021-05-24T10:18:34.849Z"},"Render":{"_id":"tag:Render","createdAt":"2021-05-24T10:18:58.040Z","data":{},"updatedAt":"2021-05-24T10:18:58.040Z"},"Static":{"_id":"tag:Static","createdAt":"2021-05-24T10:23:10.349Z","data":{},"updatedAt":"2021-05-24T10:23:10.349Z"},"Media":{"_id":"tag:Media","createdAt":"2021-05-24T10:23:14.609Z","data":{},"updatedAt":"2021-05-24T10:23:14.609Z"},"Templates":{"_id":"tag:Templates","createdAt":"2021-05-24T10:23:25.604Z","data":{},"updatedAt":"2021-05-24T10:23:25.604Z"},"CRUD":{"_id":"tag:CRUD","createdAt":"2021-05-25T05:10:58.028Z","data":{},"updatedAt":"2021-05-25T05:10:58.028Z"},"Create":{"_id":"tag:Create","createdAt":"2021-05-25T05:11:01.743Z","data":{},"updatedAt":"2021-05-25T05:11:01.743Z"},"Edit":{"_id":"tag:Edit","createdAt":"2021-05-25T05:11:05.186Z","data":{},"updatedAt":"2021-05-25T05:11:05.186Z"},"Update":{"_id":"tag:Update","createdAt":"2021-05-25T05:11:08.993Z","data":{},"updatedAt":"2021-05-25T05:11:08.993Z"},"Delete":{"_id":"tag:Delete","createdAt":"2021-05-25T05:11:12.250Z","data":{},"updatedAt":"2021-05-25T05:11:12.250Z"},"Faranesh":{"_id":"tag:Faranesh","createdAt":"2021-05-26T14:05:06.276Z","data":{},"updatedAt":"2021-05-26T14:05:06.276Z"},"First":{"_id":"tag:First","createdAt":"2021-05-26T14:05:08.713Z","data":{},"updatedAt":"2021-05-26T14:05:08.713Z"},"Installl":{"_id":"tag:Installl","createdAt":"2021-05-26T14:05:12.524Z","data":{},"updatedAt":"2021-05-26T14:05:12.524Z"},"StartProject":{"_id":"tag:StartProject","createdAt":"2021-05-26T14:08:48.644Z","data":{},"updatedAt":"2021-05-26T14:08:48.644Z"},"StartApp":{"_id":"tag:StartApp","createdAt":"2021-05-26T14:08:53.532Z","data":{},"updatedAt":"2021-05-26T14:08:53.532Z"},"Configure":{"_id":"tag:Configure","createdAt":"2021-05-26T14:20:51.734Z","data":{},"updatedAt":"2021-05-26T14:20:51.734Z"},"Models":{"_id":"tag:Models","createdAt":"2021-05-26T16:43:24.610Z","data":{},"updatedAt":"2021-05-26T16:43:24.610Z"},"Admin":{"_id":"tag:Admin","createdAt":"2021-05-28T10:47:46.385Z","data":{},"updatedAt":"2021-05-28T10:47:46.385Z"},"Cart":{"_id":"tag:Cart","createdAt":"2021-05-28T11:24:29.235Z","data":{},"updatedAt":"2021-05-28T11:24:29.235Z"},"Context_Processor":{"_id":"tag:Context_Processor","createdAt":"2021-05-28T11:24:32.475Z","data":{},"updatedAt":"2021-05-28T11:24:32.475Z"},"---":{"_id":"tag:---","createdAt":"2021-05-28T11:24:35.669Z","data":{},"updatedAt":"2021-05-28T11:24:35.669Z"},"Session":{"_id":"tag:Session","createdAt":"2021-05-28T11:24:45.092Z","data":{},"updatedAt":"2021-05-28T11:24:45.092Z"},"FFmpeg":{"_id":"tag:FFmpeg","createdAt":"2021-05-29T14:17:54.583Z","data":{},"updatedAt":"2021-05-29T14:17:54.583Z"},"Cut":{"_id":"tag:Cut","createdAt":"2021-05-29T14:18:18.496Z","data":{},"updatedAt":"2021-05-29T14:18:18.496Z"},"Home":{"_id":"tag:Home","createdAt":"2021-05-30T15:50:48.557Z","data":{},"updatedAt":"2021-05-30T15:50:48.557Z"},"Product":{"_id":"tag:Product","createdAt":"2021-05-30T15:50:52.041Z","data":{},"updatedAt":"2021-05-30T15:50:52.041Z"},"Blender":{"_id":"tag:Blender","createdAt":"2021-06-04T19:49:25.398Z","data":{},"updatedAt":"2021-06-04T19:49:25.398Z"},"Picture":{"_id":"tag:Picture","createdAt":"2021-06-04T20:47:02.568Z","data":{},"updatedAt":"2021-06-04T20:47:02.568Z"},"Image":{"_id":"tag:Image","createdAt":"2021-06-04T20:47:05.902Z","data":{},"updatedAt":"2021-06-04T20:47:05.902Z"},"Store":{"_id":"tag:Store","createdAt":"2021-06-05T06:03:53.170Z","data":{},"updatedAt":"2021-06-05T06:03:53.170Z"},"Search":{"_id":"tag:Search","createdAt":"2021-06-05T06:03:56.837Z","data":{},"updatedAt":"2021-06-05T06:03:56.837Z"},"Checkout":{"_id":"tag:Checkout","createdAt":"2021-06-05T08:19:59.521Z","data":{},"updatedAt":"2021-06-05T08:19:59.521Z"},"Profile":{"_id":"tag:Profile","createdAt":"2021-06-05T13:00:13.392Z","data":{},"updatedAt":"2021-06-05T13:00:13.392Z"},"Lanuage":{"_id":"tag:Lanuage","createdAt":"2021-06-10T04:43:52.108Z","data":{},"updatedAt":"2021-06-10T04:43:52.108Z"},"Persian":{"_id":"tag:Persian","createdAt":"2021-06-10T04:43:55.089Z","data":{},"updatedAt":"2021-06-10T04:43:55.089Z"},"Upgrade":{"_id":"tag:Upgrade","createdAt":"2021-06-10T05:01:11.670Z","data":{},"updatedAt":"2021-06-10T05:01:11.670Z"},"Version":{"_id":"tag:Version","createdAt":"2021-06-10T05:01:14.163Z","data":{},"updatedAt":"2021-06-10T05:01:14.163Z"},"Current":{"_id":"tag:Current","createdAt":"2021-06-12T15:19:52.877Z","data":{},"updatedAt":"2021-06-12T15:19:52.877Z"},"Language":{"_id":"tag:Language","createdAt":"2021-06-12T15:19:58.132Z","data":{},"updatedAt":"2021-06-12T15:19:58.132Z"},"Translation":{"_id":"tag:Translation","createdAt":"2021-06-12T15:20:03.067Z","data":{},"updatedAt":"2021-06-12T15:20:03.067Z"},"Variable":{"_id":"tag:Variable","createdAt":"2021-06-13T04:27:50.689Z","data":{},"updatedAt":"2021-06-13T04:27:50.689Z"},"Dynamic":{"_id":"tag:Dynamic","createdAt":"2021-06-13T04:28:15.261Z","data":{},"updatedAt":"2021-06-13T04:28:15.261Z"},"Set":{"_id":"tag:Set","createdAt":"2021-06-13T05:51:29.845Z","data":{},"updatedAt":"2021-06-13T05:51:29.845Z"},"Pay":{"_id":"tag:Pay","createdAt":"2021-06-13T08:39:36.133Z","data":{},"updatedAt":"2021-06-13T08:39:36.133Z"},"Online":{"_id":"tag:Online","createdAt":"2021-06-13T08:39:39.807Z","data":{},"updatedAt":"2021-06-13T08:39:39.807Z"},"Category":{"_id":"tag:Category","createdAt":"2021-06-13T08:59:00.330Z","data":{},"updatedAt":"2021-06-13T08:59:00.330Z"},"Upload":{"_id":"tag:Upload","createdAt":"2021-06-13T18:22:38.648Z","data":{},"updatedAt":"2021-06-13T18:22:38.648Z"},"Site":{"_id":"tag:Site","createdAt":"2021-06-20T11:19:03.694Z","data":{},"updatedAt":"2021-06-20T11:19:03.694Z"},"DoesNotExist":{"_id":"tag:DoesNotExist","createdAt":"2021-06-20T11:19:08.926Z","data":{},"updatedAt":"2021-06-20T11:19:08.926Z"}}}