{"_id":"note:rxOwlDEtd","title":"How to Install Nodejs on linux","content":"### 💬 Download\n🔰 Download binary Node js\n\n[Link Address Node js](https://nodejs.org)\n\n### 💬 Terminal\n🔰 after download and uzip it the file\n```sh\nexport PATH=$PATH:file:/home/ocean/Documents/Apps/Nodejs/node-v16.0.0-linux-x64/bin\n```","tags":["Install","NodeJS","Export"],"folderPathname":"/NodeJs/Install","data":{},"createdAt":"2021-05-02T05:34:09.161Z","updatedAt":"2021-05-02T05:43:00.000Z","trashed":false,"_rev":"FGhxVNVf-"}