{"_id":"note:0oCFe6LTo","title":"7 - Config Urls.py","content":"### 📜 List files\n```python\n1 -> \"django_project/shop/urls.py\"\n2 -> \"django_project/cart/urls.py\"\n```\n---\n\n### 💬 urls shop\n📁 -1 django_project/shop/urls.py\n\n```python\nfrom . import views\nfrom django.urls import path\n\napp_name = 'shop'\nurlpatterns = [\n    path('', views.index, name='index'),\n    path('checkout/', views.checkout, name='checkout'),\n    path('product/<int:id>/', views.product, name='product'),\n    path('store/', views.store, name='store'),\n    path('to_bank/<int:order_id>/', views.to_bank, name='to_bank'),\n    path('callback/', views.callback, name='callback'),\n    path('profile/', views.profile, name='profile'),\n    path('orders/', views.orders, name='orders'),\n    path('searched_products/', views.search, name='search'),\n    path('order_detail/<int:order_id>/', views.order_detail, name='order_detail')\n]\n```\n\n^^^^^^^^^^^^^^^^^^^^^^^^^^^^^^\n\n### 💬 urls shop\n📁 -2 django_project/cart/urls.py\n\n```python\nfrom django.urls import path\nfrom . import views\n\napp_name = 'cart'\nurlpatterns = [\n    path('', views.cart_detail, name='cart_detail'),\n    path('add/<int:product_id>/', views.cart_add, name='cart_add'),\n    path('remove/<int:product_id>/', views.cart_remove, name='cart_remove'),\n]\n```\n","tags":["Django","Faranesh","Urls"],"folderPathname":"/Django/Teach/Shop-Faranesh","data":{},"createdAt":"2021-05-28T10:56:43.679Z","updatedAt":"2021-05-28T11:20:08.483Z","trashed":false,"_rev":"6bmxshWXc"}