{"_id":"note:1LBNnZ4i3","title":"1 - handler error pages 400 - 403 - 404 - 500","content":"### 📜 List files\n```python\n1 -> \"urls.py\"\n2 -> \"views.py\"\n```\n---\n\n### 💬 added handler in file url\n 📁 -1 urls.py\n```python\nhandler400 = 'myresume_app.views.error_400_view'\nhandler403 = 'myresume_app.views.error_403_view'\nhandler404 = 'myresume_app.views.error_404_view'\nhandler500 = 'myresume_app.views.error_500_view'\n```\n### 💬 code views for handler\n 📁 -2 views.py\n```python\nfrom django.shortcuts import render\n\ndef error_400_view(request, exception):\n    return render(request, 'storefront/errors/error-400.html', status=400)\n\n\ndef error_403_view(request, exception):\n    return render(request, 'storefront/errors/error-403.html', status=403)\n\n\ndef error_404_view(request, exception):\n    return render(request, 'storefront/errors/error-404.html', status=404)\n\n\ndef error_500_view(request):\n    return render(request, 'storefront/errors/error-500.html', status=500)\n```\n\n### 💬 If the two templates are separate\n 📁 -2 views.py\n```python\nfrom django.shortcuts import render\n\n\ndef error_400_view(request, exception):\n    if request.path.startswith('/dashboard'):\n        return render(request, 'Dashboard/errors/error-400.html', status=400)\n    else:\n        return render(request, 'website/errors/error-400.html', status=400)\n\n\ndef error_403_view(request, exception):\n    if request.path.startswith('/dashboard'):\n        return render(request, 'Dashboard/errors/error-403.html', status=403)\n    else:\n        return render(request, 'website/errors/error-403.html', status=403)\n\n\ndef error_404_view(request, exception):\n    if request.path.startswith('/dashboard'):\n        return render(request, 'Dashboard/errors/error-404.html', status=404)\n    else:\n        return render(request, 'website/errors/error-404.html', status=404)\n\n\ndef error_500_view(request):\n    if request.path.startswith('/dashboard'):\n        return render(request, 'Dashboard/errors/error-500.html', status=500)\n    else:\n        return render(request, 'website/errors/error-500.html', status=500)\n\n```\n","tags":["Django","Views","error404","error400","error403","error500"],"folderPathname":"/Django/Views","data":{},"createdAt":"2021-05-24T10:15:35.726Z","updatedAt":"2021-05-24T10:16:21.573Z","trashed":false,"_rev":"eiqRhR3ZW"}