{"_id":"note:3QwxSvF4M","title":"1 - Prerequisite installation","content":"\n### 💬 Create the venv and pip install packages\n🔰 Terminal\n```python\n1 -> \"mkdir django_project\"\n2 -> \"python3 -m venv venv\"\n3 -> \"source venv/bin/activate\"\n4 -> \"pip install --upgrade pip\"\n5 -> \"pip install wheel\"\n6 -> \"pip install django\"\n7 -> \"pip install pillow\"\n8 -> \"pip install django-allauth\"\n10 -> \"pip install zeep\"\n```\n","tags":["Django","Faranesh","First","Installl","PIP"],"folderPathname":"/Django/Teach/Shop-Faranesh","data":{},"createdAt":"2021-05-26T14:03:59.851Z","updatedAt":"2021-06-14T07:56:34.877Z","trashed":false,"_rev":"nlFPlkQ_P"}