{"_id":"note:4mUE4RB_O","title":"2 - How to get current  language","content":"### 📜 List files\n```python\n1 -> \"example/templates/index.html\"\n```\n---\n\n### 💬 html index\n📁 -1 example/templates/index.html\n\n```html\n{% get_current_language as LANGUAGE_CODE %}\n{{ LANGUAGE_CODE }}\n```\n\n▶️ Result in Terminal\n\n```shell\nen\n```","tags":["Current","Language","Translation","Django"],"folderPathname":"/Django/Teach/Translation 1","data":{},"createdAt":"2021-06-12T15:17:44.112Z","updatedAt":"2021-06-12T15:20:26.803Z","trashed":false,"_rev":"eOdSQoX7U"}