{"_id":"note:5uPaO69rL","title":"1 - render a html page without views.py","content":"### 📜 List files\n```python\n1 -> \"urls.py\"\n```\n---\n\n### 💬 lambda in path url\n 📁 -1 urls.py\n\n```python\nfrom django.shortcuts import render\n\nurlpatterns = [\n    path('', lambda request: render(request, 'homepage.html'))\n]   \n```\n","tags":["Django","Urls","Lambda","Render"],"folderPathname":"/Django/Urls","data":{},"createdAt":"2021-05-24T10:17:18.089Z","updatedAt":"2021-06-05T06:00:28.837Z","trashed":false,"_rev":"SZqedg-OL"}