{"_id":"note:60E1r-BR9","title":"1 - SSH error Permission denied","content":"^^^^^^^^^^^^^^^^^^^^^^^^^^^^^^\n### 💬 Command\n🔰 Terminal\n```shell\nsudo nano etc/ssh/sshd_config\n```\n🔰  Before it will be like this:\n```\n#LoginGraceTime 2m\n#PermitRootLogin prohibit-password\n#StrictModes yes\n#MaxAuthTries 6\n#MaxSessions 10\n```\n🔰  Make it to :\n```\n#LoginGraceTime 2m\nPermitRootLogin yes\n#StrictModes yes\n#MaxAuthTries 6\n#MaxSessions 10\n```\n🔰  Save it and use ssh restart command\n\n```shell\nsystemctl restart sshd\n```","tags":["Linux","SSH","Error","Permission","Denied"],"folderPathname":"/Linux/Terminal/SSH","data":{},"createdAt":"2021-04-30T07:20:15.564Z","updatedAt":"2021-04-30T07:32:00.051Z","trashed":false,"_rev":"RK6iPcEjV"}