{"_id":"note:80PZWlXnR","title":"3 - forms","content":"\n### 💬 Overriding the default fields\n\n```python\nfrom django.forms import ModelForm, Textarea\nfrom myapp.models import Author\n\nclass AuthorForm(ModelForm):\n    class Meta:\n        model = Author\n        fields = ('name', 'title', 'birth_date')\n        widgets = {\n            'name': Textarea(attrs={'cols': 80, 'rows': 20}),\n        }\n\n```\n\n^^^^^^^^^^^^^^^^^^^^^^^^^^^^^^\n### 💬 Rendering fields manually\n```html\n{{ form.non_field_errors }}\n<div class=\"fieldWrapper\">\n    {{ form.subject.errors }}\n    <label for=\"{{ form.subject.id_for_label }}\">Email subject:</label>\n    {{ form.subject }}\n</div>\n<div class=\"fieldWrapper\">\n    {{ form.message.errors }}\n    <label for=\"{{ form.message.id_for_label }}\">Your message:</label>\n    {{ form.message }}\n</div>\n<div class=\"fieldWrapper\">\n    {{ form.sender.errors }}\n    <label for=\"{{ form.sender.id_for_label }}\">Your email address:</label>\n    {{ form.sender }}\n</div>\n<div class=\"fieldWrapper\">\n    {{ form.cc_myself.errors }}\n    <label for=\"{{ form.cc_myself.id_for_label }}\">CC yourself?</label>\n    {{ form.cc_myself }}\n</div>\n```\n^^^^^^^^^^^^^^^^^^^^^^^^^^^^^^\n### 💬 Looping over the form’s fields\n```html\n{% for field in form %}\n    <div class=\"fieldWrapper\">\n        {{ field.errors }}\n        {{ field.label_tag }} {{ field }}\n        {% if field.help_text %}\n        <p class=\"help\">{{ field.help_text|safe }}</p>\n        {% endif %}\n    </div>\n{% endfor %}\n```\n\n#### 💬 Useful attributes on {{ field }} include:\n\n* 📌 {{ field.label }}\n```\nThe label of the field, e.g. Email address.\n```\n\n* 📌 {{ field.label_tag }}\n```\nThe field’s label wrapped in the appropriate HTML <label> tag.\nThis includes the form’s label_suffix. For example, the default label_suffix is a colon:\n```\n\n```html\n<label for=\"id_email\">Email address:</label>\n```\n* 📌 {{ field.id_for_label }}\n```\nThe ID that will be used for this field (id_email in the example above).\nIf you are constructing the label manually, you may want to use this in lieu of label_tag.\nIt’s also useful, for example, if you have some inline JavaScript and want to avoid hardcoding the field’s ID.\n```\n\n* 📌 {{ field.value }}\n```\nThe value of the field. e.g someone@example.com.\n```\n\n\n* 📌 {{ field.html_name }}\n```\nThe name of the field that will be used in the input element’s name field. This takes the form prefix into account, if it has been set.\n```\n\n* 📌 {{ field.html_name }}\n```\nThe name of the field that will be used in the input element’s name field. This takes the form prefix into account, if it has been set.\n```\n* 📌 {{ field.help_text }}\n\n```\nAny help text that has been associated with the field.\n```\n* 📌 {{ field.errors }}\n\n```\nOutputs a <ul class=\"errorlist\"> containing any validation errors corresponding to this field.\nYou can customize the presentation of the errors with a {% for error in field.errors %} loop.\nIn this case, each object in the loop is a string containing the error message.\n```\n* 📌 {{ field.is_hidden }}\n\n```\nThis attribute is True if the form field is a hidden field and False otherwise.\nIt’s not particularly useful as a template variable, but could be useful in conditional tests such as:\n```\n```html\n{% if field.is_hidden %}\n   {# Do something special #}\n{% endif %}\n```\n\n* 📌 {{ field.field }}\n\n```\nThe Field instance from the form class that this BoundField wraps.\nYou can use it to access Field attributes, e.g. {{ char_field.field.max_length }}.\n```\n^^^^^^^^^^^^^^^^^^^^^^^^^^^^^^\n","tags":["Django","Forms"],"folderPathname":"/Django/Forms","data":{},"createdAt":"2021-05-23T12:56:24.993Z","updatedAt":"2021-05-23T12:59:18.242Z","trashed":false,"_rev":"VQd6-KbKz"}