{"_id":"note:8OKlhki5z","title":"2 - forms modelForm","content":"\n### 📜 List files\n```python\n1 -> \"website/views.py\"\n2 -> \"website/forms.py\"\n3 -> \"contact-us.html\"\n```\n---\n\n### 💬 Forms\n 📁 -1 website/forms.py\n```python\nfrom django.forms import ModelForm, Textarea, EmailInput, TextInput\nfrom .models import ContactUs\n\n\nclass ContactForm(ModelForm):\n    class Meta:\n        model = ContactUs\n        fields = ['full_name', 'addess_email', 'number_mobile', 'subject', 'message']\n        widgets = {\n            'full_name': TextInput(attrs={\"class\": \"form-control\", \"placeholder\": \"نام خود را وارد کنید *\"}),\n            'addess_email': EmailInput(attrs={\"class\": \"form-control\", \"placeholder\": \"ایمیل خود را وارد کنید *\"}),\n            'number_mobile': TextInput(attrs={\"class\": \"form-control\", \"placeholder\": \"شماره موبایل خود را وارد کنید\"}),\n            'subject': TextInput(attrs={\"class\": \"form-control\", \"placeholder\": \"موضوع پیام شما\"}),\n            'message': Textarea(attrs={\"class\": \"form-control\", \"placeholder\": \"متن پیام شما *\"}),\n        }\n\n```\n\n^^^^^^^^^^^^^^^^^^^^^^^^^^^^^^\n\n### 💬 Views\n 📁 -2 website/views.py\n```python\nfrom django.contrib import messages\nfrom . import forms\n...\ndef contactus_view(request):\n    contact_form = forms.ContactForm(request.POST or None)\n    context = {\n        \"form\": contact_form\n    }\n\n    if contact_form.is_valid():\n        messages.success(request, 'ارسال شد')\n        print(context[\"form\"].save())\n\n    return render(request, 'website/pages/contact-us.html', context)\n```\n\n^^^^^^^^^^^^^^^^^^^^^^^^^^^^^^\n\n### 💬 Html\n 📁 -3 contact-us.html\n```html\n<form method=\"post\" class=\"contact-form mb-3\">\n    {% csrf_token %}\n    <div class=\"row\">\n        <div class=\"col-sm-12\">\n            {{ form.non_field_errors }}\n        </div>\n        <div class=\"col-sm-6\">\n            <label for=\"cname\" class=\"sr-only\">نام</label>\n            {{ form.full_name }}\n            {{ form.full_name.errors }}\n        </div><!-- End .col-sm-6 -->\n\n        <div class=\"col-sm-6\">\n            <label for=\"cemail\" class=\"sr-only\">ایمیل</label>\n            {{ form.addess_email }}\n            {{ form.addess_email.errors }}\n        </div><!-- End .col-sm-6 -->\n    </div><!-- End .row -->\n\n    ...\n\n    \n    <button type=\"submit\" class=\"btn btn-outline-primary-2 btn-minwidth-sm float-right\">\n        <span>تایید و ارسال</span>\n        <i class=\"icon-long-arrow-left\"></i>\n    </button>\n</form>\n```\n","tags":["Django","Forms","ModelForm"],"folderPathname":"/Django/Forms","data":{},"createdAt":"2021-05-23T12:55:53.164Z","updatedAt":"2021-06-17T06:57:51.479Z","trashed":false,"_rev":"Bjkf_g79w"}