{"_id":"note:9_ME7ty8N","title":"4 - How to run django on openlitespeed","content":"### 💬 Django Setup\n\n💬 If you haven’t installed Django, please do so through pip3\n\n\n🔰 Terminal\n```sh\npip3 install django\n```\n📝 Create demo project under the **/var/www/html/** folder.\n\n📝 Create the folder if it doesn’t exist.\n\n```sh\nmkdir -p /var/www/html/\ncd /var/www/html/\ndjango-admin startproject demo\n```\n\n^^^^^^^^^^^^^^^^^^^^^^^^^^^^^^\n\n### 💬 Django settings\n\n📝 Edit **settings.py** inside the inner folder (may be demo/demo) to allow hosts\n```python\n...\nALLOWED_HOSTS = ['*']\n...\nSTATIC_URL = '/python/static/'\nSTATIC_ROOT = '/var/www/html/demo/public/static'\n```\n📝 **/python/static/** depends on your context settings\n\n📝 putting the **static** folder under **public** is required\n\n📝 Collect static files in the directory where manage.py exists (may be one level up)\n\n🔰 Terminal\n```sh\nmkdir -p public/static\npython3 manage.py collectstatic\n```\n📝 Create admin super user\n\n🔰 Terminal\n```sh\npython3 manage.py migrate\npython3 manage.py createsuperuser\nCopy\n```\n\n^^^^^^^^^^^^^^^^^^^^^^^^^^^^^^\n\n### 💬 Change owner\n\n📌 Centos:\n\n🔰 Terminal\n```sh\nchown -R nobody:nobody /var/www/html/demo\n```\n\n📌 ubuntu - debian:\n\n🔰 Terminal\n```sh\nchown -R nobody:nogroup /var/www/html/demo\n```\n\n📝 This example assumes you are using the default document root + URI: /python/\n\n📝 Navigate to **Web Admin > Virtual Hosts > Context > Add**\n\n* **Type =** App Server\n* **URI =** /python/\n* **Location =** /var/www/html/demo/\n* **Binary Path =** /usr/local/lsws/fcgi-bin/lswsgi\n* **Application Type =** WSGI\n* **Startup File =** demo/wsgi.py\n\n### 💬 Example 1\n\n🔰 Virtual Hosts > new\n\n![img](http://127.0.0.1:5555/LiteSpeed/2021/9.png)\n\n🔰 Virtual Hosts > zPython > General\n\n![img](http://127.0.0.1:5555/LiteSpeed/2021/10.png)\n\n\n🔰 Virtual Hosts > zPython > context\n\n![img](http://127.0.0.1:5555/LiteSpeed/2021/11.png)\n\n^^^^^^^^^^^^^^^^^^^^^^^^^^^^^^\n\n### 💬 Set up Django with a Virtual Environment\n📝 create env\n\n🔰 Terminal\n```sh\ncd /var/www/html\npython3 -m venv demoEnv\nsource demoEnv/bin/activate\n```\n\n📝 install packages\n\n🔰 Terminal\n```sh\npip install django\npip install pillow\n```\n\n### 💬 Set up Context\n📝 This example assumes you are using the default document root + URI: **/**\n\n📝 Navigate to **Web Admin > Virtual Hosts > Context > Add**\n\n* Type = App Server\n* URI = /\n* Location = /var/www/html/demo/\n* Binary Path = /usr/local/lsws/fcgi-bin/lswsgi\n* Application Type = WSGI\n* Startup File = demo/wsgi.py\n* Environment = \n\n```\nPYTHONPATH=/var/www/html/lib/python3.8:/var/www/html/demo\nLS_PYTHONBIN=/var/www/html/bin/python\nor\nPYTHONPATH=/var/www/simehera/simeheraEnv/lib/python3.7:/var/www/simehera/simehera\nLS_PYTHONBIN=/var/www/simehera/simeheraEnv/bin/python\n```\n\n![img](http://127.0.0.1:5555/LiteSpeed/2021/12.jpg)\n\n# ⚠️ Warning\n### 💬 fix load static - media\n📝 folder project django and env 1\n\n- /var\n  - websiteses\n    - mnoto\n      - mnotoweb\n      - mnotoenv\n\n📝 folder lsws 2\n\n- /usr\n  - local\n    - lsws\n      - websiteses\n\n📝 chown folders\n\n🔰 Terminal\n```sh\nchown -R nobody:nogroup /var/websiteses\nchown -R nobody:nogroup /usr/local/lsws/websiteses\n```\n\n📁 -2 settings.py\n```python\nSTATIC_ROOT = '/var/websiteses/mnoto/mnotoweb/static'\n```\n\n🔰 Terminal\n```sh\npython manage.py collectstatic\n```","tags":[],"folderPathname":"/Linux/Server/LiteSpeed","data":{},"createdAt":"2021-05-19T09:00:40.147Z","updatedAt":"2021-05-21T21:35:40.687Z","trashed":false,"_rev":"ZlNVwDFAn"}