{"_id":"note:_1es1tLsV","title":"4 - Create Models Database Product","content":"### 📜 List files\n```python\n1 -> \"shop/models.py\"\n2 -> \"shop/urls.py\"\n3 -> \"cart/urls.py\"\n```\n---\n\n### 💬 models\n📁 -1 shop/models.py\n\n```python\nfrom django.db import models\nfrom django.contrib.auth.models import User\nfrom django.urls import reverse\n\n\nclass Product(models.Model):\n    name = models.CharField(max_length=100)\n    description = models.TextField(max_length=3000)\n    create_time = models.DateTimeField(auto_now_add=True)\n    update_time = models.DateTimeField(auto_now=True)\n    image = models.ImageField(upload_to='image/product/%Y/%m/%d')\n    price = models.DecimalField(max_digits=10, decimal_places=0)\n\n    class Meta:\n        ordering = ('create_time',)\n        verbose_name_plural = 'Products'\n\n    def __str__(self):\n        return self.name\n\n    def get_absolute_url(self):\n        return reverse('shop:product', args=[self.id])\n\n\nclass Order(models.Model):\n    customer = models.ForeignKey(User, on_delete=models.CASCADE)\n    order_date = models.DateTimeField(auto_now_add=True)\n    payed = models.BooleanField(default=False)\n    address = models.ForeignKey('Address', on_delete=models.SET_NULL, null=True)\n\n    def __str__(self):\n        return f'{self.address}'\n\n    class Meta:\n        ordering = ('order_date',)\n        verbose_name_plural = 'Orders'\n\n\nclass Address(models.Model):\n    name = models.CharField(max_length=20)\n    mobile = models.CharField(max_length=11)\n    address = models.CharField(max_length=50)\n    user = models.ForeignKey(User, on_delete=models.CASCADE)\n\n    def __str__(self):\n        return f'{self.address} , {self.name} , {self.mobile} , {self.user}'\n\n    class Meta:\n        verbose_name_plural = 'Addresses'\n\n\nclass OrderItem(models.Model):\n    order = models.ForeignKey(Order, related_name='orderitem', on_delete=models.CASCADE)\n    product = models.ForeignKey(Product, on_delete=models.SET_NULL, null=True)\n    product_price = models.DecimalField(max_digits=10, decimal_places=0)\n    product_count = models.PositiveIntegerField()\n    product_cost = models.DecimalField(max_digits=10, decimal_places=0)\n\n    def __str__(self):\n        return str(self.product.name)\n\n    class Meta:\n        verbose_name_plural = 'OrderItems'\n\n\nclass Invoice(models.Model):\n    order = models.ForeignKey(Order, on_delete=models.SET_NULL, null=True)\n    order_items = models.CharField(max_length=400, )\n    invoice_date = models.DateTimeField(auto_now_add=True)\n    authority = models.CharField(max_length=200, blank=True, null=True)\n\n    def __str__(self):\n        return str(self.id)\n\n    class Meta:\n        verbose_name_plural = 'Invoices'\n\n\nclass Transaction(models.Model):\n    STATUS_CHOICES = (\n        ('pending', 'Pending'),\n        ('failed', 'Failed'),\n        ('completed', 'Completed'),\n    )\n    invoice = models.ForeignKey(Invoice, on_delete=models.SET_NULL, null=True)\n    transaction_date = models.DateTimeField(auto_now_add=True)\n    amount = models.DecimalField(max_digits=10, decimal_places=0)\n    status = models.CharField(max_length=10, choices=STATUS_CHOICES, default='pending')\n\n    def __str__(self):\n        return str(self.id)\n\n    class Meta:\n        verbose_name_plural = 'Transactions'\n\n```\n\n^^^^^^^^^^^^^^^^^^^^^^^^^^^^^^\n### 💬 urls\n📁 -2 shop/urls.py\n```python\napp_name = 'shop'\n\nurlpatterns = [\n]\n```\n\n### 💬 urls\n📁 -3 cart/urls.py\n\n```python\napp_name = 'cart'\n\nurlpatterns = [\n]\n```\n\n^^^^^^^^^^^^^^^^^^^^^^^^^^^^^^\n\n### 💬 Makemigrations & Migrate\n\n🔰 Terminal\n\n```shell\npython manage.py makemigrations\npython manage.py migrate\n```\n","tags":["Django","Faranesh","Models"],"folderPathname":"/Django/Teach/Shop-Faranesh","data":{},"createdAt":"2021-05-26T16:42:39.948Z","updatedAt":"2021-05-26T16:48:12.970Z","trashed":false,"_rev":"kNyXbixcp"}