{"_id":"note:AbT7XoD6L","title":"2 - How to use file manager with  scp","content":"### 💬 SCP Command Syntax\n\n📝 The **scp** command syntax take the following form:\n\n🔰 Terminal\n```shell\nscp [OPTION] [user@]SRC_HOST:]file1 [user@]DEST_HOST:]file2\n```\n^^^^^^^^^^^^^^^^^^^^^^^^^^^^^^\n\n* 📌 Copy a Local File to a Remote System with the scp Command\n\n🔰 Terminal\n```shell\nscp file.txt remote_username@10.10.0.2:/remote/directory\n```\n\n* 📌  If you want to save the file under a different name, you need to specify the new file name:\n\n🔰 Terminal\n```shell\nscp file.txt remote_username@10.10.0.2:/remote/directory/newfilename.txt\n```\n\n* 📌  If SSH on the remote host is listening on a port other than the default 22 then you can specify the port using the -P argument:\n\n🔰 Terminal\n```shell\nscp -P 2322 file.txt remote_username@10.10.0.2:/remote/directory\n```\n\n* 📌  To copy a directory from a local to remote system, use the -r option:\n\n🔰 Terminal\n```shell\nscp -r /local/directory remote_username@10.10.0.2:/remote/directory\nCo\n```","tags":["SSH","Scp","FileManger"],"folderPathname":"/Linux/FileManger","data":{},"createdAt":"2021-05-23T18:09:43.275Z","updatedAt":"2021-05-24T10:11:31.926Z","trashed":false,"_rev":"XS60haaGD"}