{"_id":"note:asBo08AJ7","title":"1 - How to create folder static , template for all apps django","content":"# Under version 3.0\n\n## TEMPLATES\n```python\nTEMPLATES = [\n    {\n        'BACKEND': 'django.template.backends.django.DjangoTemplates',\n        'DIRS': [os.path.join(BASE_DIR, 'templates')],\n        'APP_DIRS': True,\n        ...\n    },\n]\n...\nSTATICFILES_DIRS = [os.path.join(BASE_DIR, 'static_files')]\nSTATIC_ROOT = os.path.join(BASE_DIR, 'static')\nMEDIA_URL = '/media/'\nMEDIA_ROOT = os.path.join(BASE_DIR, 'media')\n```\n\n# Above version 3.1\n## TEMPLATES\n```python\nTEMPLATES = [\n    {\n        'BACKEND': 'django.template.backends.django.DjangoTemplates',\n        'DIRS': [BASE_DIR / 'templates'],\n        'APP_DIRS': True,\n        ...\n    },\n]\n\n...\n\nSTATIC_URL = '/static/'\n# STATIC_ROOT = BASE_DIR / 'static'\nSTATICFILES_DIRS = [BASE_DIR / 'static']\nMEDIA_URL = '/media/'\nMEDIA_ROOT = BASE_DIR / 'media'\n\nOR\n\nSTATIC_URL = '/static/'\nSTATIC_ROOT = BASE_DIR / 'static_cdn/static_root'\nSTATICFILES_DIRS = [BASE_DIR / 'assets']\nMEDIA_URL = '/media/'\nMEDIA_ROOT = BASE_DIR / 'static_cdn/media_root'\n```\n\n## *urls.py*\n```python\nfrom django.contrib import admin\nfrom django.urls import path,include\nfrom django.conf import settings\nfrom django.conf.urls.static import static\n\nurlpatterns = [\n    path('admin/', admin.site.urls),\n    path('', include('shop.urls')),\n\n]\n\nif settings.DEBUG:\n    urlpatterns += static(settings.MEDIA_URL, document_root=settings.MEDIA_ROOT)\n    urlpatterns += static(settings.STATIC_URL, document_root=settings.STATIC_ROOT)\n```\n","tags":["Django","Static","Media","Templates"],"folderPathname":"/Django/Settings","data":{},"createdAt":"2021-05-24T10:21:05.018Z","updatedAt":"2021-05-24T10:23:34.944Z","trashed":false,"_rev":"20CAmIhQA"}