{"_id":"note:AygtZ3OfF","title":"1 -  Translation in Django","content":"### 📜 List files\n```python\n1 -> \"translation_example/settings.py\"\n2 -> \"example/views.py\"\n3 -> \"example/templates/index.html\"\n4 -> \"translation_example/urls.py\"\n5 -> \"example/locale/es/LC_MESSAGES/django.po\"\n```\n---\n\n### 💬 Create project\n🔰 Terminal\n\n```sh\ndjango-admin startproject translation_example\ncd translation_example\n```\n\n^^^^^^^^^^^^^^^^^^^^^^^^^^^^^^\n### 💬 Create startapp\n🔰 Terminal\n\n```sh\npython manage.py startapp example\n```\n\n^^^^^^^^^^^^^^^^^^^^^^^^^^^^^^\n\n\n### 💬 settings\n📁 -1 translation_example/settings.py\n\n```python\nINSTALLED_APPS = [\n    ...\n    'example.apps.ExampleConfig'\n]\n```\n\n^^^^^^^^^^^^^^^^^^^^^^^^^^^^^^\n\n### 💬 views index\n📁 -2 example/views.py\n\n```python\nfrom django.shortcuts import render\n\n\n# Create your views here.\n\ndef index(request):\n    context = {\n        'hello': 'Hello'\n    }\n    return render(request, 'index.html', context)\n\n```\n\n^^^^^^^^^^^^^^^^^^^^^^^^^^^^^^\n### 💬 Create folder templates and file index.html\n🔰 Terminal\n\n```sh\nmkdir example/templates\ntouch example/templates/index.html\n```\n\n^^^^^^^^^^^^^^^^^^^^^^^^^^^^^^\n\n### 💬 html index\n📁 -3 example/templates/index.html\n\n```html\n<!doctype html>\n<html lang=\"en\">\n<head>\n   ...\n</head>\n<body>\n<h1>{{ hello }}</h1>\n<h2>My name is Alex</h2>\n</body>\n</html>\n```\n^^^^^^^^^^^^^^^^^^^^^^^^^^^^^^\n\n### 💬 views index\n📁 -4 translation_example/urls.py\n\n```python\nfrom django.contrib import admin\nfrom django.urls import path\nfrom example import views\nurlpatterns = [\n    path('admin/', admin.site.urls),\n    path('', views.index),\n]\n\n```\n\n![img](http://127.0.0.1:5555/Django/Teach/Translation-1/1.png)\n\n\n^^^^^^^^^^^^^^^^^^^^^^^^^^^^^^\n\n### 💬 views index\n📁 🔁 -2 example/views.py\n\n```python\nfrom django.shortcuts import render\nfrom django.utils.translation import gettext as _\n\n\n# Create your views here.\n\ndef index(request):\n    context = {\n        'hello': _('Hello')\n    }\n    return render(request, 'index.html', context)\n\n```\n^^^^^^^^^^^^^^^^^^^^^^^^^^^^^^\n\n### 💬 i18n - trans\n📁 🔁 -3 example/templates/index.html\n\n```html\n<!doctype html>\n{% load i18n %}\n<html lang=\"en\">\n<head>\n    ...\n</head>\n<body>\n<h1>{{ hello }}</h1>\n<h2>{% trans \"My name is Alex\" %}</h2>\n</body>\n</html>\n```\n\n^^^^^^^^^^^^^^^^^^^^^^^^^^^^^^\n### 💬 Install gettext in linux\n🔰 Terminal\n\n```sh\nsudo apt install gettext\n```\n\n^^^^^^^^^^^^^^^^^^^^^^^^^^^^^^\n\n### 💬 Create folder locale translation\n🔰 Terminal\n\n```sh\nmkdir example/locale\n```\n\n^^^^^^^^^^^^^^^^^^^^^^^^^^^^^^\n\n### 💬 makemessages\n🔰 Terminal\n\n```sh\npython manage.py makemessages -l es\n```\n\n\n💬 if error  Unable to find a locale path to store translations for file\n\n📁 🔁 -1 translation_example/settings.py\n```python\nLOCALE_PATHS = [\n    BASE_DIR / 'locale',\n]\n```\n\n^^^^^^^^^^^^^^^^^^^^^^^^^^^^^^\n\n### 💬 edit file po for translation\n📁 -5 example/locale/es/LC_MESSAGES/django.po\n\n```\n#: example/templates/index.html:13\nmsgid \"My name is Alex\"\nmsgstr \"Me llamo Alex\"\n\n#: example/views.py:9\nmsgid \"Hello\"\nmsgstr \"Hola\"\n```\n\n^^^^^^^^^^^^^^^^^^^^^^^^^^^^^^\n\n### 💬 compilemessages\n🔰 Terminal\n\n```sh\npython manage.py compilemessages\n```\n\n^^^^^^^^^^^^^^^^^^^^^^^^^^^^^^\n\n### 💬 compilemessages\n🔰 Terminal\n\n```sh\npython manage.py compilemessages\n```\n\n^^^^^^^^^^^^^^^^^^^^^^^^^^^^^^\n\n\n### 💬 settings change lanuage\n📁 🔁 -1 translation_example/settings.py\n\n```python\n...\nLANGUAGE_CODE = 'es'\n...\n```\n\n![img](http://127.0.0.1:5555/Django/Teach/Translation-1/2.png)\n\n\n\n^^^^^^^^^^^^^^^^^^^^^^^^^^^^^^\n\n\n### 💬 MIDDLEWARE\n📁 🔁 -1 translation_example/settings.py\n\n```python\n...\nMIDDLEWARE = [\n    ...\n    'django.middleware.common.CommonMiddleware',\n    'django.middleware.locale.LocaleMiddleware',\n    'django.middleware.csrf.CsrfViewMiddleware',\n    ...\n]\n...\n```","tags":["Translation","Language","Django"],"folderPathname":"/Django/Teach/Translation 1","data":{},"createdAt":"2021-06-10T05:55:37.323Z","updatedAt":"2021-06-13T05:50:37.820Z","trashed":false,"_rev":"vWdZpsYUA"}