{"_id":"note:B78CHJCe6","title":"16 - pay online","content":"\n### 📜 List files\n```python\n1 -> \"shop/views.py\"\n2 -> \"shop/templates/callback.html\"\n```\n---\n\n### 💬 profile - orders\n📁 -1 shop/views.py\n\n```python\n...\nfrom zeep import Client\nfrom django.http import HttpResponse\n...\nMERCHANT = '25502853-c878-4047-b804-9002d05a7cfd'\nclient = Client('https://www.zarinpal.com/pg/services/WebGate/wsdl')\n\n\ndef to_bank(request, order_id):\n    order = get_object_or_404(models.Order, id=order_id)\n    amount = 0\n    order_items = models.OrderItem.objects.filter(order=order)\n    for item in order_items:\n        amount += item.product_cost\n    callbackUrl = 'http://127.0.0.1:8000/callback/'\n    mobile = ''\n    email = ''\n    description = 'Test'\n    result = client.service.PaymentRequest(MERCHANT, amount, description, email, mobile, callbackUrl)\n    if result.Status == 100 and len(result.Authority) == 36:\n        x = []\n        for item in order_items:\n            x.append(item)\n        models.Invoice.objects.create(order=order,\n                                      order_items=x,\n                                      authority=result.Authority)\n        return redirect('https://www.zarinpal.com/pg/StartPay/' + result.Authority)\n    else:\n        return HttpResponse('Error code' + str(result.Status))\n\n\ndef callback(request):\n    if request.GET.get('Status') == 'OK':\n        authority = request.GET.get('Authority')\n        invoice = get_object_or_404(models.Invoice, authority=authority)\n        amount = 0\n        order = invoice.order\n        order_items = models.OrderItem.objects.filter(order=order)\n        for item in order_items:\n            amount += item.product_cost\n        result = client.service.PaymentVerification(MERCHANT, authority, amount)\n        if result.Status == 100:\n            order.payed = True\n            order.save()\n            return render(request, 'callback.html', {'invoice': invoice})\n        else:\n            return HttpResponse('error' + str(result.Status))\n    else:\n        return HttpResponse('error')\n```\n\n^^^^^^^^^^^^^^^^^^^^^^^^^^^^^^\n### 💬 callback.html\n📁 -2 shop/templates/callback.html\n\n```python\n{% extends 'base.html' %}\n{% load static %}\n{% block title %}Callback{% endblock title %}\n{% block content %}\n    <h1 class=\"text-center\"> Payment Detail</h1>\n    <div class=\"section\">\n    <div class=\"container\">\n        <div class=\"row\">\n            <div class=\"col-md-12 order-detail\">\n                <div class=\"section-title text-center\">\n                    <h3 class=\"title\">Thank You</h3>\n\n                </div>\n                <div class=\"order-summary\">\n                    <p>Your Invoice Number : {{ invoice.id }}</p>\n                </div>\n            </div>\n        </div>\n    </div>\n\n    </div>\n{% endblock content %}\n```\n","tags":["Django","Faranesh","Pay","Online"],"folderPathname":"/Django/Teach/Shop-Faranesh","data":{},"createdAt":"2021-06-13T08:38:59.528Z","updatedAt":"2021-06-13T08:59:35.459Z","trashed":false,"_rev":"cY94W8CKV"}