{"_id":"note:BE9XSf0e6","title":"5 - Prepare the template and create the required pages","content":"### 📜 List files\n```python\n1 -> \"templates/website/base.html\"\n2 -> \"templates/website/pages/callback.html\"\n3 -> \"templates/website/pages/checkout.html\"\n4 -> \"templates/website/pages/detail.html\"\n5 -> \"templates/website/pages/form.html\"\n6 -> \"templates/website/pages/index.html\"\n7 -> \"templates/website/pages/order_detail.html\"\n8 -> \"templates/website/pages/orders.html\"\n9 -> \"templates/website/pages/product.html\"\n10 -> \"templates/website/pages/profile.html\"\n11 -> \"templates/website/pages/searched_products.html\"\n12 -> \"templates/website/pages/store.html\"\n```\n\n📝   All files are empty\n","tags":["Django","Faranesh","Templates"],"folderPathname":"/Django/Teach/Shop-Faranesh","data":{},"createdAt":"2021-05-26T16:51:48.836Z","updatedAt":"2021-05-26T17:03:26.471Z","trashed":false,"_rev":"WAiKjJM5W"}