{"_id":"note:bzAZQ2AOh","title":"2 - How to change English to Persian Django","content":"\n### 📜 List files\n```python\n1 -> \"settings.py\"\n```\n---\n\n### 💬 Settings \n📁 -1 settings.py\n\n```python\nLANGUAGE_CODE = 'fa-ir'\n\nTIME_ZONE = 'Asia/Tehran'\n\nUSE_I18N = True\n\nUSE_L10N = True\n\nUSE_TZ = True\n```","tags":["Lanuage","Persian","Django"],"folderPathname":"/Django/Settings","data":{},"createdAt":"2021-06-10T04:42:09.965Z","updatedAt":"2021-06-21T09:21:31.597Z","trashed":false,"_rev":"awhH4D3zT"}