{"_id":"note:cgIH-oufG","title":"6 - panel admin","content":"### 📜 List files\n```python\n1 -> \"shop/admin.py\"\n```\n---\n\n### 💬 Admin\n📁 -1 shop/admin.py\n\n```python\nfrom django.contrib import admin\nfrom . import models\n\n\n# Register your models here.\nclass ProductAdmin(admin.ModelAdmin):\n    list_display = ('name', 'create_time', 'price')\n\n\nclass OrderAdmin(admin.ModelAdmin):\n    list_display = ('id', '__str__', 'customer', 'order_date', 'payed')\n\n\nclass OrderItemAdmin(admin.ModelAdmin):\n    list_display = ('id', 'order', 'product')\n\n\nclass InvoiceAdmin(admin.ModelAdmin):\n    list_display = ('id', 'order', 'invoice_date', 'authority', 'order_items')\n\n\nclass AddressAdmin(admin.ModelAdmin):\n    list_display = ('id', 'name', 'mobile', 'address', 'user')\n\n\nclass TransactionAdmin(admin.ModelAdmin):\n    list_display = ('id', 'invoice', 'amount', 'transaction_date', 'status')\n\n\nadmin.site.register(models.Product, ProductAdmin)\nadmin.site.register(models.Order, OrderAdmin)\nadmin.site.register(models.Address, AddressAdmin)\nadmin.site.register(models.OrderItem, OrderItemAdmin)\nadmin.site.register(models.Invoice, InvoiceAdmin)\nadmin.site.register(models.Transaction, TransactionAdmin)\n\n```\n\n\n^^^^^^^^^^^^^^^^^^^^^^^^^^^^^^\n\n### 💬 Create Account Admin\n🔰 Terminal\n\n```python\npython manage.py createsuperuser\n```\n\n![img](http://127.0.0.1:5555/Django/Teach/Shop-Faranesh/1.png)\n","tags":["Django","Faranesh","Admin"],"folderPathname":"/Django/Teach/Shop-Faranesh","data":{},"createdAt":"2021-05-28T10:46:46.050Z","updatedAt":"2021-05-28T11:17:11.906Z","trashed":false,"_rev":"Y2S0mCGvM"}