{"_id":"note:cMNwtvP4u","title":"14 - create page cart - ordering","content":"\n### 📜 List files\n```python\n1 -> \"shop/views.py\"\n2 -> \"shop/templates/order_detail.html\"\n3 -> \"shop/templates/detail.html\"\n```\n---\n\n### 💬 order_detail\n📁 -1 shop/views.py\n\n\n\n```python\n...\n\ndef orders(request):\n    pass\n\n\ndef order_detail(request, order_id):\n    order = get_object_or_404(models.Order, id=order_id)\n    return render(request, 'order_detail.html', {'order': order})\n\n\ndef to_bank(request, order_id):\n    pass\n\n...\n\n```\n\n^^^^^^^^^^^^^^^^^^^^^^^^^^^^^^\n### 💬 order_detail\n📁 -2 shop/templates/order_detail.html\n\n```html\n{% extends 'website/base.html' %}\n{% load static %}\n{% block title %} Order Detail {% endblock title %}\n{% block content %}\n    <br>\n    <div uk-grid>\n        <div class=\"uk-width-1-2\">\n            <div class=\"uk-card-body\">\n                <h1>Thank you!</h1>\n                <div>\n                    <p>You order was successfuly completed.</p>\n                    <p>Your Order Number : {{ order.id }}</p>\n                    <p><a href=\"{% url 'shop:to_bank' order.id %}\" class=\"btn btn-primary\">Online Payment</a></p>\n                </div>\n            </div>\n        </div>\n    </div>\n{% endblock content %}\n```\n^^^^^^^^^^^^^^^^^^^^^^^^^^^^^^\n### 💬 detail\n📁 -3 shop/templates/detail.html\n\n```html\n{% extends 'website/base.html' %}\n{% load static %}\n{% block title %}Detail{% endblock title %}\n{% block content %}\n    <br>\n    <div uk-grid>\n        <div class=\"uk-width-1-1\">\n            <div class=\"uk-card-body\">\n                <h2>Your Order</h2>\n                <div>\n                    <table class=\"uk-table uk-table-divider\">\n                        <thead>\n                        <tr>\n                            <th>Image</th>\n                            <th>Product</th>\n                            <th>Price</th>\n                            <th>Quantity</th>\n                            <th>Total</th>\n                            <th>Remove</th>\n                        </tr>\n                        </thead>\n                        <tbody>\n                        {% for item in cart %}\n                            {% with product=item.product %}\n                                <tr>\n                                    <td class=\"product-thumbnail\">\n                                        <a href=\"{{ product.get_absolute_url }}\">\n                                            <img src=\"{{ product.image.url }}\" alt=\"Image\" style=\"width: 100px\">\n                                        </a>\n                                    </td>\n                                    <td class=\"product-name\">\n                                        <h2>{{ product.name }}</h2>\n                                    </td>\n                                    <td>${{ item.price }}</td>\n                                    <td>\n                                        <form action=\"{% url 'cart:cart_add' product.id %}\" method=\"post\">\n                                            {{ item.update_product_count_form.product_count }}\n                                            {{ item.update_product_count_form.update }}\n                                            {% csrf_token %}\n                                            <input type=\"submit\" value=\"Update\">\n                                        </form>\n                                    </td>\n                                    <td>${{ item.total_price }}</td>\n                                    <td>\n                                        <a href=\"{% url 'cart:cart_remove' product.id %}\"\n                                           class=\"btn btn-primary btn-sm\">X</a>\n                                    </td>\n                                </tr>\n                            {% endwith %}\n                        {% endfor %}\n                        </tbody>\n                    </table>\n                </div>\n            </div>\n        </div>\n    </div>\n    <div class=\"uk-card-body\">\n        <div uk-grid>\n            <div class=\"uk-width-1-2\">\n                <a href=\"{% url 'shop:store' %}\">\n                    <button class=\"uk-button uk-button-primary\">Continue Shopping</button>\n                </a>\n            </div>\n            <div class=\"uk-width-1-2\">\n\n                <span>Total</span>\n                <span>${{ cart.get_total_price }}</span>\n                <br>\n                <a href=\"{% url 'shop:checkout' %}\">\n                    <button class=\"uk-button uk-button-secondary\">Checkout</button>\n                </a>\n            </div>\n        </div>\n    </div>\n{% endblock content %}\n\n\n```\n\n![img](http://127.0.0.1:5555/Django/Teach/Shop-Faranesh/5.png)\n\n\n![img](http://127.0.0.1:5555/Django/Teach/Shop-Faranesh/6.png)","tags":["Django","Faranesh","Cart"],"folderPathname":"/Django/Teach/Shop-Faranesh","data":{},"createdAt":"2021-06-05T11:41:54.965Z","updatedAt":"2021-06-17T07:22:54.149Z","trashed":false,"_rev":"dCYC3R4Zl"}