{"_id":"note:daqscRWPZ","title":"2 - Create Project and Apps","content":"\n### 📜 List files\n```python\n1 -> \"django_project/settings.py\"\n```\n---\n\n### 💬 Start Project\n\n🔰 Terminal\n\n```shell\ndjango-admin startproject django_project .\n```\n\n^^^^^^^^^^^^^^^^^^^^^^^^^^^^^^\n\n### 💬 Start Apps shop cart\n\n🔰 Terminal\n\n```shell\ndjango-admin startapp shop\ndjango-admin startapp cart\n```\n\n^^^^^^^^^^^^^^^^^^^^^^^^^^^^^^\n### 💬 INSTALLED_APPS\n📁 -1 django_project/settings.py\n```python\n...\nINSTALLED_APPS = [\n    'django.contrib.admin',\n    'django.contrib.auth',\n    'django.contrib.contenttypes',\n    'django.contrib.sessions',\n    'django.contrib.messages',\n    'django.contrib.staticfiles',\n    'shop.apps.ShopConfig',\n    'cart.apps.CartConfig',\n]\n...\n```\n","tags":["Django","Faranesh","StartProject","StartApp"],"folderPathname":"/Django/Teach/Shop-Faranesh","data":{},"createdAt":"2021-05-26T14:07:30.397Z","updatedAt":"2021-05-26T14:11:48.320Z","trashed":false,"_rev":"WTM054Wbi"}