{"_id":"note:dAvN80tSn","title":"12 - create pages store & search","content":"\n### 📜 List files\n```python\n1 -> \"shop/views.py\"\n2 -> \"shop/templates/store.html\"\n3 -> \"shop/templates/base.html\"\n4 -> \"shop/templates/searched_products.html\"\n```\n---\n\n### 💬 shop views for store - search\n📁 -1 shop/views.py\n\n```python\n...\nfrom . import models\nfrom django.db.models import Q\n\n...\n\ndef store(request):\n    products = models.Product.objects.order_by('-create_time')\n    return render(request, 'store.html', {'products': products})\n\n\ndef search(request):\n    query = request.GET.get('q')\n    queryset_list = []\n    if query:\n        queryset_list = models.Product.objects.filter(Q(name__icontains=query)).distinct()\n    elif query == '':\n        queryset_list = models.Product.objects.all()\n    products = queryset_list\n    return render(request, 'searched_products.html', {'products': products})\n\n...\n\n```\n^^^^^^^^^^^^^^^^^^^^^^^^^^^^^^\n\n### 💬 templates store.html\n📁 -2 shop/templates/store.html\n\n```html\n{% extends 'website/base.html' %}\n{% load static %}\n{% block title %}Home{% endblock %}\n{% block content %}\n    <div class=\"uk-child-width-1-5@m\" uk-grid>\n        {% for product in products %}\n            <div>\n                <div class=\"uk-card uk-card-default\">\n                    <div class=\"uk-card-media-top\">\n                        <img src=\"{{ product.image.url }}\" alt=\"\" style=\"height: 500px;object-fit: contain;\">\n                    </div>\n                    <div class=\"uk-card-body\">\n                        <a href=\"{{ product.get_absolute_url }}\">\n                            <h3 class=\"uk-card-title\">{{ product.name }}</h3>\n                        </a>\n                        <h4 class=\"uk-card-title\">${{ product.price }}</h4>\n                        <a class=\"uk-button uk-button-primary\" href=\"{{ product.get_absolute_url }}\">Show</a>\n                    </div>\n                </div>\n            </div>\n        {% endfor %}\n    </div>\n{% endblock %}\n```\n\n![img](http://127.0.0.1:5555/Django/Teach/Shop-Faranesh/2.png)\n\n\n^^^^^^^^^^^^^^^^^^^^^^^^^^^^^^\n\n### 💬 add Form Search in navbar\n📁 -3 shop/templates/base.html\n\n```html\n<!doctype html>\n{% load static %}\n<html lang=\"en\">\n<head>\n    ...\n</head>\n<body>\n<nav class=\"uk-navbar-container\" uk-navbar>\n    <div class=\"uk-navbar-left\">\n        ...\n    </div>\n    <div class=\"uk-navbar-right\">\n        <div>\n            <a class=\"uk-navbar-toggle\" uk-search-icon href=\"#\"></a>\n            <div class=\"uk-drop\" uk-drop=\"mode: click; pos: left-center; offset: 0\">\n                <form action=\"{% url 'shop:search' %}\" method=\"get\" class=\"uk-search uk-search-navbar uk-width-1-1\">\n                    <input name=\"q\" value=\"{{ request.GET.q }}\" title=\"search\" class=\"uk-search-input\" type=\"search\" placeholder=\"Search\" autofocus>\n                </form>\n            </div>\n        </div>\n    </div>\n</nav>\n{% block content %}{% endblock %}\n</body>\n</html>\n```\n \n^^^^^^^^^^^^^^^^^^^^^^^^^^^^^^\n\n### 💬 Searched products html\n📁 -4 shop/templates/searched_products.html\n\n```html\n{% extends 'website/base.html' %}\n{% load static %}\n{% block title %}Home{% endblock %}\n{% block content %}\n    <div class=\"uk-child-width-1-5@m\" uk-grid>\n        {% for product in products %}\n            <div>\n                <div class=\"uk-card uk-card-default\">\n                    <div class=\"uk-card-media-top\">\n                        <img src=\"{{ product.image.url }}\" alt=\"\" style=\"height: 500px;object-fit: contain;\">\n                    </div>\n                    <div class=\"uk-card-body\">\n                        <a href=\"{{ product.get_absolute_url }}\">\n                            <h3 class=\"uk-card-title\">{{ product.name }}</h3>\n                        </a>\n                        <h4 class=\"uk-card-title\">${{ product.price }}</h4>\n                        <a class=\"uk-button uk-button-primary\" href=\"{{ product.get_absolute_url }}\">Show</a>\n                    </div>\n                </div>\n            </div>\n        {% endfor %}\n    </div>\n{% endblock %}\n```\n\n![img](http://127.0.0.1:5555/Django/Teach/Shop-Faranesh/3.png)","tags":["Django","Faranesh","Store","Search"],"folderPathname":"/Django/Teach/Shop-Faranesh","data":{},"createdAt":"2021-06-05T06:01:42.263Z","updatedAt":"2021-06-17T06:02:18.994Z","trashed":false,"_rev":"QAXIPTEKn"}