{"_id":"note:EDUTdvb_A","title":"9 - Config Forms","content":"\n### 📜 List files\n```python\n1 -> \"shop/forms.py\"\n2 -> \"cart/forms.py\"\n```\n---\n### 💬 shop forms\n📁 -1 shop/forms.py\n\n```python\nfrom django import forms\nfrom .models import Address\n\n\nclass AddressForm(forms.ModelForm):\n    class Meta:\n        model = Address\n        fields = ['name', 'mobile', 'address']\n\n```\n\n^^^^^^^^^^^^^^^^^^^^^^^^^^^^^^\n\n### 💬 cart forms\n📁 -2 cart/forms.py\n```python\nfrom django import forms\n\nPRODUCT_COUNT_CHOICES = [(i, str(i)) for i in range(1, 6)]\n\n\nclass CartAddProductForm(forms.Form):\n    product_count = forms.TypedChoiceField(choices=PRODUCT_COUNT_CHOICES, coerce=int)\n    update = forms.BooleanField(required=False,\n                                initial=False,\n                                widget=forms.HiddenInput)\n\n```\n","tags":["Django","Faranesh","Forms"],"folderPathname":"/Django/Teach/Shop-Faranesh","data":{},"createdAt":"2021-05-28T11:57:57.852Z","updatedAt":"2021-05-28T12:00:53.576Z","trashed":false,"_rev":"6VpjCOSfk"}