{"_id":"note:Eec-Hagf2","title":"1 - How to Backup or Restore Database","content":"\n### 💬 Command\n🔰 Terminal\n```sh\npython manage.py dumpdata > datadump.json\n```\n\n* Next, change your settings.py to the mysql database.\n\n### 💬 Finally :\n🔰 Terminal\n```sh\npython manage.py loaddata datadump.json\n```\n\n^^^^^^^^^^^^^^^^^^^^^^^^^^^^^^\n\n### 💬 one or two table \n🔰 Terminal\n```sh\npython manage.py dumpdata games.categorygames games.games  > datadumpgames.json\n```\n\nOr \n\n\n### 💬 one or two table \n🔰 Terminal\n```sh\npython manage.py dumpdata games > datadumpgames.json\n```\n\n### 💬 one or two table with multi apps \n🔰 Terminal\n```sh\npython manage.py dumpdata games website dashboard > datadumpgames.json\n```\n^^^^^^^^^^^^^^^^^^^^^^^^^^^^^^\n\n### dumpdata (--exclude)\n🔰 Terminal\n```sh\npython manage.py dumpdata --exclude auth.permission > db.json\n```\n\n# ⚠️ Warning\n### 💬 Backup Pro\n🔰 Terminal\n```sh\nprint manage.py dumpdata --exclude auth.permission --exclude contenttypes > db.json\n```\n","tags":["Django","Database","Backup","Restore"],"folderPathname":"/Django/Database","data":{"bookmarked":false},"createdAt":"2021-05-23T13:00:25.837Z","updatedAt":"2021-06-20T11:00:17.239Z","trashed":false,"_rev":"otIvSeizS"}