{"_id":"note:FtRgwVBit","title":" 1 - How to add icon desktop in Launchers","content":"### 📜 List files\n```python\n1 -> \"namefile.desktop\"\n```\n---\n\n\n### 💬 Create file desktop\n🔰 Terminal\n```shell\ntouch namefile.desktop\n```\n### 💬 Code example Desktop 1\n 📁 -1 namefile.desktop\n```\n[Desktop Entry]\nCategories=Utility;\nExec=\"/opt/Boost Note/boostnote.next\" --no-sandbox\nIcon=boostnote.next\nName=Boost Note\nStartupWMClass=Boost Note\nTerminal=false\nType=Application\n```\n### 💬 Code example Desktop 1\n 📁 -1 namefile.desktop\n```\n[Desktop Entry]\nCategories=Utility;\nExec=charm\nIcon=/home/mnoto/Apps/pycharm-2020.2/bin/pycharm.svg\nName=Pycharm\nTerminal=false\nType=Application\n```\n\n### 💬 Add file desktop in Launchers\n🔰 Terminal\n```shell\nsudo su\ncp namefile.desktop /usr/share/applications\n```\n","tags":["Linux","Launchers","Icon","Desktop","Apps"],"folderPathname":"/Linux/Apps","data":{},"createdAt":"2021-04-27T17:37:39.152Z","updatedAt":"2021-04-27T21:07:17.701Z","trashed":false,"_rev":"qM13sp0Oi"}