{"_id":"note:fX5daC3Tn","title":"4 - how to set lanuage website","content":"\n### 💬 set and switch language\n\n[link](https://docs.djangoproject.com/en/3.2/topics/i18n/translation/#the-set-language-redirect-view)\n\n\n\n### 💬 MIDDLEWARE\n📁 🔁 -1 translation_example/settings.py\n\n```python\n...\nMIDDLEWARE = [\n    ...\n    'django.middleware.common.CommonMiddleware',\n    'django.middleware.locale.LocaleMiddleware',\n    'django.middleware.csrf.CsrfViewMiddleware',\n    ...\n]\n...\n```\n^^^^^^^^^^^^^^^^^^^^^^^^^^^^^^\n\n### 💬 i18n\n 📁 -4 translation_example/urls.py\n```python\n...\nfrom django.urls import path, include\n\nurlpatterns = [\n    path('admin/', admin.site.urls),\n    path('i18n/', include('django.conf.urls.i18n')),\n    path('', views.index),\n]\n```\n\n^^^^^^^^^^^^^^^^^^^^^^^^^^^^^^\n### 💬 i18n - trans\n📁 🔁 -3 example/templates/index.html\n\n```html\n<!doctype html>\n{% load i18n %}\n<html lang=\"en\">\n<head>\n    ...\n</head>\n<body>\n\n\n<form action=\"{% url 'set_language' %}\" method=\"post\">{% csrf_token %}\n    <input name=\"next\" type=\"hidden\" value=\"{{ redirect_to }}\">\n    <select title=\"language\" name=\"language\">\n        {% get_current_language as LANGUAGE_CODE %}\n        {% get_available_languages as LANGUAGES %}\n        {% get_language_info_list for LANGUAGES as languages %}\n        {% for language in languages %}\n            <option value=\"{{ language.code }}\"{% if language.code == LANGUAGE_CODE %} selected{% endif %}>\n                {{ language.name_local }} ({{ language.code }})\n            </option>\n        {% endfor %}\n    </select>\n    <input type=\"submit\" value=\"Go\">\n</form>\n...\n</body>\n</html>\n```\n### 💬 Or\n### 💬 Static\n```html\n<form action=\"{% url 'set_language' %}\" method=\"post\">{% csrf_token %}\n    <input name=\"next\" type=\"hidden\" value=\"{{ redirect_to }}\">\n    <select title=\"language\" name=\"language\">\n            <option value=\"en\">\n                English (en)\n            </option>\n            <option value=\"es\">\n                español (es)\n            </option>\n    </select>\n    <input type=\"submit\" value=\"Go\">\n</form>\n```\n^^^^^^^^^^^^^^^^^^^^^^^^^^^^^^\n### 💬 Standard code language\n```html\n<option value=\"en\" selected>\n    English (en)\n</option>\n\n<option value=\"fa\">\n    فارسی (fa)\n</option>\n```","tags":["Change","Set","Language","Website"],"folderPathname":"/Django/Teach/Translation 1","data":{},"createdAt":"2021-06-13T05:50:38.237Z","updatedAt":"2021-06-13T05:51:38.320Z","trashed":false,"_rev":"PA8_ydU_W"}