{"_id":"note:IN6QBz7kM","title":"1 - How to use boostnote","content":"\n### 📜 List files\n```python\n1 -> \"products/views.py\"\n2 -> \"shop/urls.py\"\n```\n---\n### 💬 def product_list_view\n 📁 -1 products/views.py\n```python\nfrom django.shortcuts import render\n\nfrom .models import Product\n\n\ndef product_list_view(request):\n    products = Product.objects.all()\n    context = {\n        \"object_list\": products\n    }\n\n    return render(request, \"products/product_list.html\", context)\n\n```\n^^^^^^^^^^^^^^^^^^^^^^^^^^^^^^\n### 💬 class ProductListView\n 📁 🔁 -1 products/views.py\n```python\nfrom django.shortcuts import render\nfrom django.views.generic.list import ListView\nfrom .models import Product\n\n\nclass ProductListView(ListView):\n    queryset = Product.objects.all()\n    template_name = \"products/product_list.html\"\n\n\ndef product_list_view(request):\n    ...\n```\n\n^^^^^^^^^^^^^^^^^^^^^^^^^^^^^^\n### 💬 Result\n 📁 -2 shop/urls.py\n```python\nprint('Hi how are you ?')\n```\n\n▶️ Result in Terminal\n\n```shell\nHi how are you ?\n```\n\n^^^^^^^^^^^^^^^^^^^^^^^^^^^^^^\n### 💬 Command\n🔰 Terminal\n```shell\npip freeze > requirements.txt\n```\n#### 💬 Useful attributes on {{ field }} include:\n\n* 📌 {{ field.label }}\n```\nDescription ...\n```\n\n* 📌 {{ field.html_name }}\n```\nDescription ...\n```\n* 📌 {{ field.help_text }}\n\n```\nDescription ...\n```\n^^^^^^^^^^^^^^^^^^^^^^^^^^^^^^\n### 💬 Group Group\n```python\n{{ request.get_host }}\n```\n\n▶️ Result\n\n```shell\nhttp://127.0.0.1:8000\n```\n^^^^^^^^^^^^^^^^^^^^^^^^^^^^^^\n### 💬 Link\n[Link Address](https://docs.djangoproject.com/en/3.0/topics/auth/default/)\n\n^^^^^^^^^^^^^^^^^^^^^^^^^^^^^^\n### 💬 Note\n📝 Lorem Ipsum is simply dummy tex\n\n📝 Lorem Ipsum is simply dummy tex\n\n📝 Lorem Ipsum is simply dummy tex\n\n📝 Lorem Ipsum is simply dummy tex\n\n\n# ⚠️ Warning\n### 💬 Result\n 📁 -2 shop/urls.py\n```python\nprint('Hi how are you ?')\n```\n","tags":["Use"],"folderPathname":"/Use","data":{},"createdAt":"2021-04-25T18:17:43.850Z","updatedAt":"2021-05-19T17:43:56.771Z","trashed":false,"_rev":"RYLGK8Qo1"}