{"_id":"note:k38BKY69v","title":"1 - First time blender","content":"### 1 -  💬 Move objects\n🔰 keyboard\n\n```shell\nG\n```\n\n\n```shell\nG -> X or Y or Z\n```\n\n\n^^^^^^^^^^^^^^^^^^^^^^^^^^^^^^\n\n### 2 -  💬 Rotation objects\n🔰 keyboard\n\n```shell\nR\n```\n\n\n```shell\nR -> X or Y or Z\n```\n\n\n^^^^^^^^^^^^^^^^^^^^^^^^^^^^^^\n\n### 3 -  💬  Start or quit EditMode\n🔰 keyboard\n\n```shell\nTab\n```\n\n\n^^^^^^^^^^^^^^^^^^^^^^^^^^^^^^\n\n### 4 -  💬  Start or quit EditMode\n🔰 keyboard\n\n```shell\nTab\n```\n\n^^^^^^^^^^^^^^^^^^^^^^^^^^^^^^\n\n### 5 -  💬  select\n\n* 📌 Vertex select\n\n![img](http://127.0.0.1:5555/Blender/Blender-selet-1.png)\n\n* 📌 Edge select\n\n![img](http://127.0.0.1:5555/Blender/Blender-selet-2.png)\n\n* 📌 Face select\n\n![img](http://127.0.0.1:5555/Blender/Blender-selet-3.png)\n\n^^^^^^^^^^^^^^^^^^^^^^^^^^^^^^\n\n### 5 -  💬  Face select\n\n📝 Full selected\n\n🔰 keyboard\n\n```shell\nA\n```\n\n📝 selected with mouse\n\n🔰 keyboard + mouse\n\n```shell\nshift + click mouse\n```\n\n^^^^^^^^^^^^^^^^^^^^^^^^^^^^^^\n\n### 6 -  💬  Loop cut and slide\n\n🔰 keyboard + mouse\n\n```shell\nctrl + R\nshift + ctrl + R\n```\n\n^^^^^^^^^^^^^^^^^^^^^^^^^^^^^^\n\n### 7 - 💬  Add new object\n\n🔰 keyboard\n\n```shell\nshift + A\n```","tags":["Blender","First"],"folderPathname":"/Graphic Designer/Blender","data":{},"createdAt":"2021-06-03T19:23:29.892Z","updatedAt":"2021-06-21T07:15:49.736Z","trashed":false,"_rev":"LhOzozFsF"}