{"_id":"note:kvSueSo9G","title":"13 - create page checkout","content":"\n### 📜 List files\n```python\n1 -> \"shop/views.py\"\n2 -> \"shop/templates/checkout.html\"\n```\n---\n\n### 💬 shop views for checkout login_required\n📁 -1 shop/views.py\n\n```python\nfrom django.shortcuts import render, get_object_or_404, redirect\nfrom cart.forms import CartAddProductForm\nfrom django.contrib.auth.decorators import login_required\nfrom .forms import AddressForm\nfrom . import models\nfrom cart.cart import Cart\nfrom django.db.models import Q\nfrom decimal import Decimal\n\n\n...\n\n\n@login_required()\ndef checkout(request):\n    cart = Cart(request)\n    if not cart:\n        return redirect('shop:store')\n    if request.method != 'POST':\n        form = AddressForm()\n    else:\n        form = AddressForm(request.POST)\n        if form.is_valid():\n            address = models.Address.objects.create(\n                name=request.POST.get('name'),\n                mobile=request.POST.get('mobile'),\n                address=request.POST.get('address'),\n                user=request.user\n            )\n\n            order = models.Order.objects.create(customer=request.user, address=address)\n            for item in cart:\n                models.OrderItem.objects.create(\n                    order=order,\n                    product=item['product'],\n                    product_price=item['price'],\n                    product_count=item['product_count'],\n                    product_cost=Decimal(item['product_count']) * Decimal(item['price'])\n                )\n        cart.clear()\n        return redirect('shop:order_detail', order.id)\n    return render(request, 'checkout.html', {'form': form})\n\n\n...\n\n```\n\n^^^^^^^^^^^^^^^^^^^^^^^^^^^^^^\n### 💬 checkout.html\n📁 -1 shop/templates/checkout.html\n\n\n\n```html\n{% extends 'website/base.html' %}\n{% load static %}\n{% block title %}Checkout{% endblock title %}\n{% block content %}\n    <br>\n    <div uk-grid>\n        <div class=\"uk-width-1-2\">\n            <div class=\"uk-card-body\">\n                <h2>Adress</h2>\n                <div>\n                    <div>\n                        <form action=\"{% url 'shop:checkout' %}\" method=\"post\">\n                            {% csrf_token %}\n                            {{ form.as_p }}\n                            <button type=\"submit\" class=\"btn btn-primary btn-lg py-3 btn-block\">Place Order</button>\n                        </form>\n                    </div>\n                </div>\n            </div>\n        </div>\n        <div class=\"uk-width-1-2\">\n            <div class=\"uk-card-body\">\n                <h2>Your Order</h2>\n                <div>\n                    <table class=\"uk-table uk-table-divider\">\n                        <thead>\n                        <tr>\n                            <th>Product</th>\n                            <th>Total</th>\n                        </tr>\n                        </thead>\n                        <tbody>\n                        {% for item in cart %}\n                            <tr>\n                                <td>{{ item.product_count }} X {{ item.product.name }}</td>\n                                <td>${{ item.total_price }}</td>\n                            </tr>\n                        {% endfor %}\n                        </tbody>\n                    </table>\n                    <strong>Order Total : </strong>\n                    <strong>${{ cart.get_total_price }}</strong>\n                </div>\n            </div>\n        </div>\n    </div>\n{% endblock content %}\n```\n\n![img](http://127.0.0.1:5555/Django/Teach/Shop-Faranesh/4.png)","tags":["Django","Faranesh","Checkout"],"folderPathname":"/Django/Teach/Shop-Faranesh","data":{},"createdAt":"2021-06-05T08:19:35.599Z","updatedAt":"2021-06-05T11:46:46.742Z","trashed":false,"_rev":"CVyYn5ZA4"}