{"_id":"note:lk06KHP4f","title":"1 - how to install pip and venv in linux","content":"\n### 💬 Install pip first\n🔰 Terminal\n```\nsudo apt-get install python3-pip\n```\n^^^^^^^^^^^^^^^^^^^^^^^^^^^^^^\n\n### 💬 Then install virtualenv using pip3\n🔰 Terminal\n```\nsudo apt-get install python3-pip\n```","tags":["Python","PIP","Venv","Install","Linux"],"folderPathname":"/Python/Install - Update","data":{},"createdAt":"2021-05-17T16:27:01.810Z","updatedAt":"2021-05-17T19:59:16.659Z","trashed":false,"_rev":"4foR4r3S8"}