{"_id":"note:MtJs6NWAT","title":"1 - How to use HTML5 color picker in Django","content":"\n### 📜 List files\n```python\n1 -> \"model.py\"\n2 -> \"form.py\"\n3 -> \"admin.py\"\n```\n---\n### 💬 def Model\n 📁 -1 model.py\n```python\n#model.py\n...\n\nclass Category(models.Model):\n    ...\n    color = models.CharField(max_length=7)\n\n```\n^^^^^^^^^^^^^^^^^^^^^^^^^^^^^^\n### 💬 Forms\n 📁  -2 form.py\n```python\nfrom django.forms import ModelForm, TextInput\nfrom .models import Category\n\nclass CategoryForm(ModelForm):\n    class Meta:\n        model = Category\n        fields = ['name_category', 'txt_color', 'color']\n        widgets = {\n            'name_category': TextInput(...),\n            'txt_color': TextInput(...),\n            'color': TextInput(attrs={'type': 'color'}),\n        }\n\nclass CategoryAdminForm(ModelForm):\n    form = CategoryForm\n\n```\n\n^^^^^^^^^^^^^^^^^^^^^^^^^^^^^^\n### 💬 Admin\n 📁  -3 admin.py\n```python\n...\nfrom .forms import CategoryAdminForm\n\n...\nclass CategoryAdmin(admin.ModelAdmin):\n    form = forms.CategoryAdminForm\n    \nadmin.site.register(models.Category, CategoryAdmin)\n```\n","tags":["Django","Forms","Color","Input"],"folderPathname":"/Django/Forms","data":{},"createdAt":"2021-04-30T06:52:42.736Z","updatedAt":"2021-04-30T07:15:17.092Z","trashed":false,"_rev":"xi5QK4-TE"}