{"_id":"note:oW1sDE46w","title":"10 - Config Views Cart","content":"\n### 📜 List files\n```python\n1 -> \"cart/views.py\"\n```\n---\n\n### 💬 cart views\n📁 -1 cart/views.py\n```python\nfrom django.shortcuts import render, get_object_or_404, redirect\nfrom django.views.decorators.http import require_POST\n\nfrom cart.forms import CartAddProductForm\nfrom .cart import Cart\nfrom shop.models import Product\n\n\n@require_POST\ndef cart_add(requset, product_id):\n    cart = Cart(requset)\n\n    product = get_object_or_404(Product, id=product_id)\n    form = CartAddProductForm(requset.POST)\n    if form.is_valid():\n        cd = form.cleaned_data\n        cart.add(product=product,\n                 product_count=cd['product_count'],\n                 update_count=cd['update'])\n\n    return redirect('cart:cart_detail')\n\n\ndef cart_remove(request, product_id):\n    cart = Cart(request)\n    product = get_object_or_404(Product, id=product_id)\n    cart.remove(product)\n    return redirect('cart:cart_detail')\n\n\ndef cart_detail(request):\n    cart = Cart(request)\n\n    for item in cart:\n        item['update_product_count_form'] = CartAddProductForm(\n            initial={'product_count': item['product_count'],\n                     'update': True})\n    return render(request, 'detail.html', {'cart': cart})\n\n```\n","tags":["Django","Faranesh","Views","Cart"],"folderPathname":"/Django/Teach/Shop-Faranesh","data":{},"createdAt":"2021-05-30T15:45:46.537Z","updatedAt":"2021-05-30T15:51:45.149Z","trashed":false,"_rev":"fQRc20m9j"}