{"_id":"note:pMGbtzn8j","title":"17 - Added Category Product","content":"### 📜 List files\n```python\n1 -> \"shop/models.py\"\n```\n---\n\n### 💬 models CategoryProduct\n📁 -1 shop/models.py\n\n\n```python\nclass CategoryProduct(models.Model):\n    name_category = models.CharField(max_length=60, default='')\n    image_category = models.ImageField(upload_to='image/category', default='')\n\n    def __str__(self):\n        return self.name_category\n\n\nclass Product(models.Model):\n    name = models.CharField(max_length=100)\n    ...\n    category_product = models.ForeignKey(CategoryProduct, on_delete=models.CASCADE, default='')\n\n    class Meta:\n        ordering = ('create_time',)\n        verbose_name_plural = 'Products'\n\n    def __str__(self):\n        return self.name\n\n    def get_absolute_url(self):\n        return reverse('shop:product', args=[self.id])\n```\n","tags":["Django","Faranesh","Category","Product"],"folderPathname":"/Django/Teach/Shop-Faranesh","data":{},"createdAt":"2021-06-13T08:56:44.530Z","updatedAt":"2021-06-13T08:59:54.476Z","trashed":false,"_rev":"E-aRFok6I"}