{"_id":"note:qw3W8pkFB","title":"1 - how to config for upload website","content":"\nmodels.py\n\n```python\nclass Slider(models.Model):\n    name = models.CharField(max_length=100)\n    image = models.ImageField(upload_to='upload/%Y/%m')\n    url = models.URLField(blank=True)\n\n    def __str__(self):\n        return self.name\n```\n\n^^^^^^^^^^^^^^^^^^^^^^^^^^^^^^\n\nadmin.py\n\n```python\nfrom django.contrib import admin\nfrom . import models\n\n# Register your models here.\n\nadmin.site.register(models.Slider)\n\n```\n\n","tags":["Django","Teach","Upload"],"folderPathname":"/Django/Teach/Upload 1","data":{},"createdAt":"2021-06-13T10:09:03.184Z","updatedAt":"2021-06-13T18:22:38.754Z","trashed":false,"_rev":"SiQFQcMDW"}