{"_id":"note:R0bLvPu6j","title":"3 - how to render picture in blender","content":"### 1 -  💬 how to convert display to camera\n\n🔰 Keboard + Mouse\n```shell\nCtrl + Alt + 0\n```\n\n^^^^^^^^^^^^^^^^^^^^^^^^^^^^^^\n\n### 1 -  💬 render picture \n\n🔰 Mouse\n```shell\nF12 -> render image -> menu - image -> save or Alt + s\n\nor\n\nmenu - render -> render image -> menu - image -> save or Alt + s\n```\n","tags":["Blender","Render","Picture","Image"],"folderPathname":"/Graphic Designer/Blender","data":{},"createdAt":"2021-06-04T20:46:32.877Z","updatedAt":"2021-06-04T20:53:45.982Z","trashed":false,"_rev":"PqtlgaRdX"}