{"_id":"note:s09QUBobL","title":"3 - How to python on openlitespeed","content":"### 💬 Python WSGI Apps with LSAPI\n^^^^^^^^^^^^^^^^^^^^^^^^^^^^^^\n\n[Link web openlitespeed python](https://openlitespeed.org/kb/python-wsgi-applications/)\n\n### 💬 Install Python3 Library\n\n📌 1 - CentOS\n\n🔰 Terminal\n```sh\nyum install python3-devel\nyum install python3-pip\n```\n\n💬 You may need to use:\n\n🔰 Terminal\n```sh\nyum install python36-devel\nyum install python36-pip\n```\n\n\n📌 2 - ubuntu\n\n🔰 Terminal\n```sh\napt install build-essential\napt-get install python3-dev\n```\n^^^^^^^^^^^^^^^^^^^^^^^^^^^^^^\n### 💬 Install WSGI\n\n💬 The easiest and fastest way to run web applications with LiteSpeed Web Server is to install and compile [wsgi-lsapi.](https://www.litespeedtech.com/open-source/litespeed-sapi/download)\n\n```sh\ncurl -O http://www.litespeedtech.com/packages/lsapi/wsgi-lsapi-1.6.tgz\ntar xf wsgi-lsapi-1.6.tgz\ncd wsgi-lsapi-1.6\npython3 ./configure.py\nmake\ncp lswsgi /usr/local/lsws/fcgi-bin/\n```\n\n^^^^^^^^^^^^^^^^^^^^^^^^^^^^^^\n### 💬 How to Verify WSGI Script\n\n🔰 Virtual Hosts > new\n\n![img](http://127.0.0.1:5555/LiteSpeed/2021/6.png)\n\n🔰 Virtual Hosts > TonyTeachesTech > General\n\n![img](http://127.0.0.1:5555/LiteSpeed/2021/7.png)\n\n\nSet up Context\nThis example assumes you are using the default document root + URI: /python/\n\nNavigate to **Web Admin > Virtual Hosts > Context > Add**\n\n* **Type =** App Server\n* **URI =** /python/\n* **Location =** /usr/local/lsws/Example/python/\n* **Binary Path =** /usr/local/lsws/fcgi-bin/lswsgi\n* **Application Type =** WSGI\n\n\n### 💬 Example 1\n![img](http://127.0.0.1:5555/LiteSpeed/2021/8.png)\n\n^^^^^^^^^^^^^^^^^^^^^^^^^^^^^^\n\n### 💬 Create wsgi.py script\n\nCreate a **python** directory under your document root.\n\n🔰 Then, create a wsgi.py file with the following content:\n\n```python\n\nimport os\nimport sys\nsys.path.insert(0, os.path.dirname(__file__))\n\ndef application(environ, start_response):\n    start_response('200 OK', [('Content-Type', 'text/plain')])\n    message = 'It works!\\n'\n    version = 'Python %s\\n' % sys.version.split()[0]\n    response = '\\n'.join([message, version])\n    return [response.encode()]\n```\n\n^^^^^^^^^^^^^^^^^^^^^^^^^^^^^^\n\n### 💬 Verification\n💬 Visit http://Server_IP:Port/python/ in your browser \n\n▶️ Result in Browser\n```\nIt works!\n\nPython x.x.x\n```\n","tags":[],"folderPathname":"/Linux/Server/LiteSpeed","data":{},"createdAt":"2021-05-18T11:47:02.564Z","updatedAt":"2021-05-21T13:34:06.934Z","trashed":false,"_rev":"8ynTyOn60"}