{"_id":"note:TAWQqKfIf","title":"15 - profile - list ordered","content":"\n### 📜 List files\n```python\n1 -> \"shop/views.py\"\n2 -> \"shop/templates/profile.html\"\n3 -> \"shop/templates/orders.html\"\n```\n---\n\n### 💬 profile - orders\n📁 -1 shop/views.py\n\n```python\n...\ndef profile(request):\n    return render(request, 'profile.html')\n\n\ndef orders(request):\n    orders = models.Order.objects.order_by('-order_date')\n    return render(request, 'orders.html', {'orders': orders})\n...\n\n```\n\n\n^^^^^^^^^^^^^^^^^^^^^^^^^^^^^^\n### 💬 profile.html\n📁 -2 shop/templates/profile.html\n\n```html\n{% extends 'website/base.html' %}\n{% load static %}\n{% block title %}Profile{% endblock title %}\n{% block content %}\n    <div uk-grid>\n        <div class=\"uk-width-1-2\">\n            <div class=\"uk-card-body\">\n                <h1>Profile</h1>\n                <div>\n                    <a class=\"uk-button uk-button-secondary\" href=\"{% url 'account_email' %}\">\n                        Add Email\n                    </a>\n                    <br>\n                    <br>\n                    <a class=\"uk-button uk-button-secondary\" href=\"{% url 'account_change_password' %}\">\n                        Password Change\n                    </a>\n                    <br>\n                    <br>\n                    <a class=\"uk-button uk-button-secondary\" href=\"{% url 'account_reset_password' %}\">\n                        Password Reset\n                    </a>\n                    <br>\n                    <br>\n                    <a class=\"uk-button uk-button-secondary\" href=\"{% url 'shop:orders' %}\">\n                        Your Orders\n                    </a>\n                    <br>\n                    <br>\n                </div>\n            </div>\n        </div>\n    </div>\n{% endblock content %}\n```\n^^^^^^^^^^^^^^^^^^^^^^^^^^^^^^\n### 💬 orders.html\n📁 -3 shop/templates/orders.html\n\n```html\n{% extends 'website/base.html' %}\n{% load static %}\n{% block title %}Orders{% endblock title %}\n{% block content %}\n    <br>\n    <div uk-grid>\n        <div class=\"uk-width-1-1\">\n            <div class=\"uk-card-body\">\n                <h1>Your Orders</h1>\n                <div>\n                    <div class=\"uk-text-center\">\n                        {% for order in orders %}\n                            {% if order.payed %}\n                                <div>\n                                    <div class=\"uk-card uk-card-default uk-card-body\">\n                                        <p style=\"background: #00803e;color: white\">Payed : {{ order.payed }}</p>\n                                        <p>Order id :{{ order.id }}</p>\n                                        <p class=\"btn\">Address :{{ order.address.name }}\n                                            , {{ order.address.mobile }}</p>\n                                    </div>\n                                </div>\n                            {% else %}\n                                <div>\n                                    <div class=\"uk-card uk-card-default uk-card-body\">\n                                        <p style=\"background: #970123;color: white\">Payed : {{ order.payed }}</p>\n                                        <p>Order id :{{ order.id }}</p>\n                                        <p class=\"btn\">Address :{{ order.address.name }}\n                                            , {{ order.address.mobile }}</p>\n                                        <hr>\n                                    </div>\n                                </div>\n                            {% endif %}\n                        {% empty %}\n                            <p>No Orders Yet</p>\n                        {% endfor %}\n                    </div>\n                </div>\n            </div>\n        </div>\n    </div>\n{% endblock content %}\n```\n\n\n![img](http://127.0.0.1:5555/Django/Teach/Shop-Faranesh/7.png)\n\n\n![img](http://127.0.0.1:5555/Django/Teach/Shop-Faranesh/8.png)\n","tags":["Django","Faranesh","Profile"],"folderPathname":"/Django/Teach/Shop-Faranesh","data":{},"createdAt":"2021-06-05T12:59:50.637Z","updatedAt":"2021-06-05T14:10:38.531Z","trashed":false,"_rev":"ISK8Uqe3X"}