{"_id":"note:UlJzdl-JW","title":"8 - create file cart.py & context_processors & Session","content":"### 📜 List files\n```python\n1 -> \"django_project/cart/cart.py\"\n2 -> \"django_project/cart/context_processor.py\"\n3 -> \"django_project/django_project/settings.py\"\n```\n---\n\n### 💬 cart\n📁 -1 django_project/cart/cart.py\n\n```python\n\nclass Cart(request):\n    pass\n```\n\n^^^^^^^^^^^^^^^^^^^^^^^^^^^^^^\n\n### 💬 context_processor\n📁 -2 django_project/cart/context_processor.py\n\n```python\nfrom .cart import Cart\n\n\ndef cart(request):\n    return {'cart': Cart(request)}\n\n```\n\n^^^^^^^^^^^^^^^^^^^^^^^^^^^^^^\n\n### 💬 context_processor.cart\n📁 -2 django_project/django_project/settings.py\n\n```python\nTEMPLATES = [\n    {\n        ...\n        'OPTIONS': {\n            'context_processors': [\n                ...\n                'cart.context_processor.cart'\n            ],\n        },\n    },\n]\n```\n\n### 💬 cart\n📁 -1 django_project/cart/cart.py\n```python\nfrom django.conf import settings\nfrom shop.models import Product\nfrom decimal import Decimal\n\n\nclass Cart(object):\n\n    def __init__(self, request):\n\n        self.session = request.session\n        cart = self.session.get(settings.CART_SESSION_ID)\n        if not cart:\n            cart = self.session[settings.CART_SESSION_ID] = {}\n        self.cart = cart\n\n    def add(self, product, product_count=1, update_count=False):\n\n        product_id = str(product.id)\n        if product_id not in self.cart:\n            self.cart[product_id] = {'product_count': 0,\n                                     'price': str(product.price)}\n\n        if update_count:\n            self.cart[product_id]['product_count'] = product_count\n        else:\n            self.cart[product_id]['product_count'] += product_count\n        self.save()\n\n    def save(self):\n        self.session[settings.CART_SESSION_ID] = self.cart\n        self.session.modified = True\n\n    def remove(self, product):\n        product_id = str(product.id)\n        if product_id in self.cart:\n            del self.cart[product_id]\n            self.save()\n\n    def __iter__(self):\n        product_ids = self.cart.keys()\n        products = Product.objects.filter(id__in=product_ids)\n        for product in products:\n            self.cart[str(product.id)]['product'] = product\n\n        for item in self.cart.values():\n            item['price'] = Decimal(item['price'])\n            item['total_price'] = item['price'] * item['product_count']\n            yield item\n\n    def __len__(self):\n        return sum(item['product_count'] for item in self.cart.values())\n\n    def get_total_price(self):\n        return sum(Decimal(item['price']) * item['product_count'] for item in self.cart.values())\n\n    def clear(self):\n        self.session[settings.CART_SESSION_ID] = {}\n        self.session.modified = True\n\n    def cart_item_count(self):\n        a = []\n        for item in self.cart.values():\n            a.append(item)\n        b = len(a)\n        return b\n```\n","tags":["Django","Faranesh","Cart","Context_Processor","Session"],"folderPathname":"/Django/Teach/Shop-Faranesh","data":{},"createdAt":"2021-05-28T11:23:45.415Z","updatedAt":"2021-05-28T11:56:00.234Z","trashed":false,"_rev":"DZhYmydZR"}