{"_id":"note:vlA7Gn7pn","title":"2 - How to multi website openlitespeed","content":"\n### 📜 List files\n```python\n1 -> \"TonyTeachesTech/html/index.html\"\n2 -> \"etc/hosts\"\n```\n---\n### 💬 Create folder and file for start project\n🔰 Terminal\n\n```ssh\ncd /usr/local/lsws/\nls\nsudo su\nsudo mkdir TonyTeachesTech\ncd TonyTeachesTech\nmkdir html\ncd html\nnano index.html\n```\n^^^^^^^^^^^^^^^^^^^^^^^^^^^^^^\n### 💬 html\n 📁 -1 TonyTeachesTech/html/index.html\n```html\n<h1>Hello welcome to My webite 1</h1>\n<p>TonyTeachesTech</p>\n```\n^^^^^^^^^^^^^^^^^^^^^^^^^^^^^^\n\n🔰 Virtual Hosts > new\n\n![img](http://127.0.0.1:5555/LiteSpeed/2021/1.png)\n\n* $SERVER_ROOT\n/usr/local/lsws/\n* $VH_NAME\nVirtual Host Name *\n\n\n^^^^^^^^^^^^^^^^^^^^^^^^^^^^^^\n\n🔰 Virtual Hosts > TonyTeachesTech > General\n\n![img](http://127.0.0.1:5555/LiteSpeed/2021/2.png)\n\nsave\n\n^^^^^^^^^^^^^^^^^^^^^^^^^^^^^^\n\n🔰 Listener Default > Virtual Host Mappings \n\n![img](http://127.0.0.1:5555/LiteSpeed/2021/3.png)\n\nsave\n\n^^^^^^^^^^^^^^^^^^^^^^^^^^^^^^\n\n\n 📁 -2 etc/hosts\n```\n192.168.2.128 tonyteachestech.xyz\n```\n\ntest\n\n▶️ Result in Terminal\n\ntonyteachestech.xyz\n\n\n# ⚠️ Warning\n### 💬 If you want to upload a regular project folder\n\n🔰 Virtual Hosts > ... > Basic\n\n![img](http://127.0.0.1:5555/LiteSpeed/2021/4.png)\n\n🔰 Virtual Hosts > ... > General\n\n![img](http://127.0.0.1:5555/LiteSpeed/2021/5.png)","tags":["Litespeed","Multi","Website","Teach"],"folderPathname":"/Linux/Server/LiteSpeed","data":{},"createdAt":"2021-05-10T16:28:58.672Z","updatedAt":"2021-05-11T05:26:41.244Z","trashed":false,"_rev":"hWE_HxaK4"}