{"_id":"note:yj58jysN8","title":"3 - Configure Project setting.py and urls.py","content":"### 📜 List files\n```python\n1 -> \"django_project/settings.py\"\n2 -> \"django_project/urls.py\"\n```\n---\n\n\n### 💬 INSTALLED_APPS\n📁 -1 django_project/settings.py\n```python\n...\n\n# Application definition\n\nINSTALLED_APPS = [\n    'django.contrib.admin',\n    'django.contrib.auth',\n    'django.contrib.contenttypes',\n    'django.contrib.sessions',\n    'django.contrib.messages',\n    'django.contrib.staticfiles',\n    'website.apps.WebsiteConfig',\n    'shop.apps.ShopConfig',\n    'cart.apps.CartConfig',\n    'zeep',\n    'django.contrib.sites',\n    'allauth',\n    'allauth.account',\n    'allauth.socialaccount',\n    'allauth.socialaccount.providers.google',\n]\n\n...\n\nTEMPLATES = [\n    {\n        'BACKEND': 'django.template.backends.django.DjangoTemplates',\n        'DIRS': [BASE_DIR / 'templates'],\n        'APP_DIRS': True,\n        'OPTIONS': {\n            'context_processors': [\n                ...\n                'cart.context_processor.cart'\n            ],\n        },\n    },\n]\n\n...\n\n# Static files (CSS, JavaScript, Images)\n# https://docs.djangoproject.com/en/3.2/howto/static-files/\n\nSTATIC_URL = '/static/'\n# STATIC_ROOT = BASE_DIR / 'static'\nSTATICFILES_DIRS = [BASE_DIR / 'static']\nMEDIA_URL = '/media/'\nMEDIA_ROOT = BASE_DIR / 'media'\nCART_SESSION_ID = 'cart'\nLOGIN_REDIRECT_URL = 'shop:index'\n\nAUTHENTICATION_BACKENDS = (\n    'django.contrib.auth.backends.ModelBackend',\n    'allauth.account.auth_backends.AuthenticationBackend',\n)\nSITE_ID = 1\nSOCIALACCOUNT_PROVIDERS = {\n    'google': {\n        'APP': {\n            'client_id': '238510566263-ccta82d7kes7b8hdbs97m6s4nis1smob.apps.googleusercontent.com',\n            'secret': 'aArON6dwp_e_7oz_ITtidfk6',\n            'key': ''\n        }\n    }\n}\nEMAIL_BACKEND = 'django.core.mail.backends.smtp.EmailBackend'\nEMAIL_HOST = 'smtp.gmail.com'\nEMAIL_HOST_USER = '*****************'\nEMAIL_HOST_PASSWORD = '***********************'\nEMAIL_PORT = 587\nEMAIL_USE_TLS = True\n# Default primary key field type\n# https://docs.djangoproject.com/en/3.2/ref/settings/#default-auto-field\n\nDEFAULT_AUTO_FIELD = 'django.db.models.BigAutoField'\n\n```\n\n^^^^^^^^^^^^^^^^^^^^^^^^^^^^^^\n\n### 💬 Urls\n📁 -1 django_project/urls.py\n\n```python\nfrom django.contrib import admin\nfrom django.urls import path,include\nfrom django.conf import settings\nfrom django.conf.urls.static import static\n\nurlpatterns = [\n    path('admin/', admin.site.urls),\n    path('', include('shop.urls')),\n    path('cart/', include('cart.urls')),\n    path('accounts/', include('allauth.urls'))\n\n]\nif settings.DEBUG:\n    urlpatterns += static(settings.MEDIA_URL, document_root=settings.MEDIA_ROOT)\n    urlpatterns += static(settings.STATIC_URL, document_root=settings.STATIC_ROOT)\n```\n","tags":["Django","Faranesh","Configure"],"folderPathname":"/Django/Teach/Shop-Faranesh","data":{},"createdAt":"2021-05-26T14:18:29.218Z","updatedAt":"2021-05-26T16:44:32.147Z","trashed":false,"_rev":"5fd0uRD53"}